There are no unused tarball(s) to remove.
There are no index cache(s) to remove.
There are no unused package(s) to remove.
There are no tempfile(s) to remove.
There are no logfile(s) to remove.
=========================================
Checking NumPy and FAISS installation
=========================================
Current NumPy version: 1.26.4
NumPy version is compatible with FAISS
Removing any existing FAISS installations...
Found existing installation: faiss-gpu 1.7.2
Uninstalling faiss-gpu-1.7.2:
  Successfully uninstalled faiss-gpu-1.7.2
Installing faiss-gpu (force reinstall)...
Collecting faiss-gpu
  Downloading faiss_gpu-1.7.2-cp310-cp310-manylinux_2_17_x86_64.manylinux2014_x86_64.whl.metadata (1.4 kB)
Downloading faiss_gpu-1.7.2-cp310-cp310-manylinux_2_17_x86_64.manylinux2014_x86_64.whl (85.5 MB)
   ━━━━━━━━━━━━━━━━━━━━━━━━━━━━━━━━━━━━━━━━ 85.5/85.5 MB 85.7 MB/s  0:00:01
Installing collected packages: faiss-gpu
Successfully installed faiss-gpu-1.7.2
faiss-gpu installed successfully
Name: faiss-gpu
Version: 1.7.2
Summary: A library for efficient similarity search and clustering of dense vectors.
Home-page: https://github.com/kyamagu/faiss-wheels
Author: Kota Yamaguchi
Author-email: KotaYamaguchi1984@gmail.com
License: MIT
Location: /gpfs/home4/scur1900/.conda/envs/verlenv/lib/python3.10/site-packages
Requires: 
Required-by: 
=========================================
Verifying FAISS installation
=========================================
FAISS module location: /home/scur1900/.conda/envs/verlenv/lib/python3.10/site-packages/faiss/__init__.py
FAISS version: 1.7.2
Has read_index: True
Has StandardGpuResources: True
Available FAISS attributes: ['AdditiveCoarseQuantizer', 'AdditiveQuantizer', 'AlignedTableFloat32', 'AlignedTableFloat32_round_capacity', 'AlignedTableUint16', 'AlignedTableUint16_round_capacity', 'AlignedTableUint8', 'AlignedTableUint8_round_capacity', 'AlignedTable_to_array', 'AllocInfo', 'AllocRequest', 'ArrayInvertedLists', 'AutoTuneCriterion', 'BitstringReader', 'BitstringWriter', 'BlockInvertedLists', 'BufferList', 'BufferedIOReader', 'BufferedIOWriter', 'ByteVector']
=========================================
FAISS installation complete
=========================================
Testing BM25 retrieval system
Dataset: /home/scur1900/scratch_shared/msmarco
K: 10
================================================================================
Loaded 502939 queries
Loaded 8841823 documents
Loaded 502939 qrels
BM25 index: /home/scur1900/scratch_shared/msmarco/bm25_index/index
ID mapping: /home/scur1900/scratch_shared/msmarco/bm25_index/id_mapping.pkl
Loading ID mapping: /home/scur1900/scratch_shared/msmarco/bm25_index/id_mapping.pkl
Loaded 8841823 document IDs
Loading BM25 index: /home/scur1900/scratch_shared/msmarco/bm25_index/index
BM25 parameters: k1=0.9, b=0.4
Index size: 8841823 documents
Number of search threads: 32
BM25 Retriever ready!


================================================================================
Testing retrieval and reward computation
================================================================================
Testing on 502939 queries
Searched 128/502939 queries
Searched 256/502939 queries
Searched 384/502939 queries
Searched 512/502939 queries
Searched 640/502939 queries
Searched 768/502939 queries
Searched 896/502939 queries
Searched 1024/502939 queries
Searched 1152/502939 queries
Searched 1280/502939 queries
Searched 1408/502939 queries
Searched 1536/502939 queries
Searched 1664/502939 queries
Searched 1792/502939 queries
Searched 1920/502939 queries
Searched 2048/502939 queries
Searched 2176/502939 queries
Searched 2304/502939 queries
Searched 2432/502939 queries
Searched 2560/502939 queries
Searched 2688/502939 queries
Searched 2816/502939 queries
Searched 2944/502939 queries
Searched 3072/502939 queries
Searched 3200/502939 queries
Searched 3328/502939 queries
Searched 3456/502939 queries
Searched 3584/502939 queries
Searched 3712/502939 queries
Searched 3840/502939 queries
Searched 3968/502939 queries
Searched 4096/502939 queries
Searched 4224/502939 queries
Searched 4352/502939 queries
Searched 4480/502939 queries
Searched 4608/502939 queries
Searched 4736/502939 queries
Searched 4864/502939 queries
Searched 4992/502939 queries
Searched 5120/502939 queries
Searched 5248/502939 queries
Searched 5376/502939 queries
Searched 5504/502939 queries
Searched 5632/502939 queries
Searched 5760/502939 queries
Searched 5888/502939 queries
Searched 6016/502939 queries
Searched 6144/502939 queries
Searched 6272/502939 queries
Searched 6400/502939 queries
Searched 6528/502939 queries
Searched 6656/502939 queries
Searched 6784/502939 queries
Searched 6912/502939 queries
Searched 7040/502939 queries
Searched 7168/502939 queries
Searched 7296/502939 queries
Searched 7424/502939 queries
Searched 7552/502939 queries
Searched 7680/502939 queries
Searched 7808/502939 queries
Searched 7936/502939 queries
Searched 8064/502939 queries
Searched 8192/502939 queries
Searched 8320/502939 queries
Searched 8448/502939 queries
Searched 8576/502939 queries
Searched 8704/502939 queries
Searched 8832/502939 queries
Searched 8960/502939 queries
Searched 9088/502939 queries
Searched 9216/502939 queries
Searched 9344/502939 queries
Searched 9472/502939 queries
Searched 9600/502939 queries
Searched 9728/502939 queries
Searched 9856/502939 queries
Searched 9984/502939 queries
Searched 10112/502939 queries
Searched 10240/502939 queries
Searched 10368/502939 queries
Searched 10496/502939 queries
Searched 10624/502939 queries
Searched 10752/502939 queries
Searched 10880/502939 queries
Searched 11008/502939 queries
Searched 11136/502939 queries
Searched 11264/502939 queries
Searched 11392/502939 queries
Searched 11520/502939 queries
Searched 11648/502939 queries
Searched 11776/502939 queries
Searched 11904/502939 queries
Searched 12032/502939 queries
Searched 12160/502939 queries
Searched 12288/502939 queries
Searched 12416/502939 queries
Searched 12544/502939 queries
Searched 12672/502939 queries
Searched 12800/502939 queries
Searched 12928/502939 queries
Searched 13056/502939 queries
Searched 13184/502939 queries
Searched 13312/502939 queries
Searched 13440/502939 queries
Searched 13568/502939 queries
Searched 13696/502939 queries
Searched 13824/502939 queries
Searched 13952/502939 queries
Searched 14080/502939 queries
Searched 14208/502939 queries
Searched 14336/502939 queries
Searched 14464/502939 queries
Searched 14592/502939 queries
Searched 14720/502939 queries
Searched 14848/502939 queries
Searched 14976/502939 queries
Searched 15104/502939 queries
Searched 15232/502939 queries
Searched 15360/502939 queries
Searched 15488/502939 queries
Searched 15616/502939 queries
Searched 15744/502939 queries
Searched 15872/502939 queries
Searched 16000/502939 queries
Searched 16128/502939 queries
Searched 16256/502939 queries
Searched 16384/502939 queries
Searched 16512/502939 queries
Searched 16640/502939 queries
Searched 16768/502939 queries
Searched 16896/502939 queries
Searched 17024/502939 queries
Searched 17152/502939 queries
Searched 17280/502939 queries
Searched 17408/502939 queries
Searched 17536/502939 queries
Searched 17664/502939 queries
Searched 17792/502939 queries
Searched 17920/502939 queries
Searched 18048/502939 queries
Searched 18176/502939 queries
Searched 18304/502939 queries
Searched 18432/502939 queries
Searched 18560/502939 queries
Searched 18688/502939 queries
Searched 18816/502939 queries
Searched 18944/502939 queries
Searched 19072/502939 queries
Searched 19200/502939 queries
Searched 19328/502939 queries
Searched 19456/502939 queries
Searched 19584/502939 queries
Searched 19712/502939 queries
Searched 19840/502939 queries
Searched 19968/502939 queries
Searched 20096/502939 queries
Searched 20224/502939 queries
Searched 20352/502939 queries
Searched 20480/502939 queries
Searched 20608/502939 queries
Searched 20736/502939 queries
Searched 20864/502939 queries
Searched 20992/502939 queries
Searched 21120/502939 queries
Searched 21248/502939 queries
Searched 21376/502939 queries
Searched 21504/502939 queries
Searched 21632/502939 queries
Searched 21760/502939 queries
Searched 21888/502939 queries
Searched 22016/502939 queries
Searched 22144/502939 queries
Searched 22272/502939 queries
Searched 22400/502939 queries
Searched 22528/502939 queries
Searched 22656/502939 queries
Searched 22784/502939 queries
Searched 22912/502939 queries
Searched 23040/502939 queries
Searched 23168/502939 queries
Searched 23296/502939 queries
Searched 23424/502939 queries
Searched 23552/502939 queries
Searched 23680/502939 queries
Searched 23808/502939 queries
Searched 23936/502939 queries
Searched 24064/502939 queries
Searched 24192/502939 queries
Searched 24320/502939 queries
Searched 24448/502939 queries
Searched 24576/502939 queries
Searched 24704/502939 queries
Searched 24832/502939 queries
Searched 24960/502939 queries
Searched 25088/502939 queries
Searched 25216/502939 queries
Searched 25344/502939 queries
Searched 25472/502939 queries
Searched 25600/502939 queries
Searched 25728/502939 queries
Searched 25856/502939 queries
Searched 25984/502939 queries
Searched 26112/502939 queries
Searched 26240/502939 queries
Searched 26368/502939 queries
Searched 26496/502939 queries
Searched 26624/502939 queries
Searched 26752/502939 queries
Searched 26880/502939 queries
Searched 27008/502939 queries
Searched 27136/502939 queries
Searched 27264/502939 queries
Searched 27392/502939 queries
Searched 27520/502939 queries
Searched 27648/502939 queries
Searched 27776/502939 queries
Searched 27904/502939 queries
Searched 28032/502939 queries
Searched 28160/502939 queries
Searched 28288/502939 queries
Searched 28416/502939 queries
Searched 28544/502939 queries
Searched 28672/502939 queries
Searched 28800/502939 queries
Searched 28928/502939 queries
Searched 29056/502939 queries
Searched 29184/502939 queries
Searched 29312/502939 queries
Searched 29440/502939 queries
Searched 29568/502939 queries
Searched 29696/502939 queries
Searched 29824/502939 queries
Searched 29952/502939 queries
Searched 30080/502939 queries
Searched 30208/502939 queries
Searched 30336/502939 queries
Searched 30464/502939 queries
Searched 30592/502939 queries
Searched 30720/502939 queries
Searched 30848/502939 queries
Searched 30976/502939 queries
Searched 31104/502939 queries
Searched 31232/502939 queries
Searched 31360/502939 queries
Searched 31488/502939 queries
Searched 31616/502939 queries
Searched 31744/502939 queries
Searched 31872/502939 queries
Searched 32000/502939 queries
Searched 32128/502939 queries
Searched 32256/502939 queries
Searched 32384/502939 queries
Searched 32512/502939 queries
Searched 32640/502939 queries
Searched 32768/502939 queries
Searched 32896/502939 queries
Searched 33024/502939 queries
Searched 33152/502939 queries
Searched 33280/502939 queries
Searched 33408/502939 queries
Searched 33536/502939 queries
Searched 33664/502939 queries
Searched 33792/502939 queries
Searched 33920/502939 queries
Searched 34048/502939 queries
Searched 34176/502939 queries
Searched 34304/502939 queries
Searched 34432/502939 queries
Searched 34560/502939 queries
Searched 34688/502939 queries
Searched 34816/502939 queries
Searched 34944/502939 queries
Searched 35072/502939 queries
Searched 35200/502939 queries
Searched 35328/502939 queries
Searched 35456/502939 queries
Searched 35584/502939 queries
Searched 35712/502939 queries
Searched 35840/502939 queries
Searched 35968/502939 queries
Searched 36096/502939 queries
Searched 36224/502939 queries
Searched 36352/502939 queries
Searched 36480/502939 queries
Searched 36608/502939 queries
Searched 36736/502939 queries
Searched 36864/502939 queries
Searched 36992/502939 queries
Searched 37120/502939 queries
Searched 37248/502939 queries
Searched 37376/502939 queries
Searched 37504/502939 queries
Searched 37632/502939 queries
Searched 37760/502939 queries
Searched 37888/502939 queries
Searched 38016/502939 queries
Searched 38144/502939 queries
Searched 38272/502939 queries
Searched 38400/502939 queries
Searched 38528/502939 queries
Searched 38656/502939 queries
Searched 38784/502939 queries
Searched 38912/502939 queries
Searched 39040/502939 queries
Searched 39168/502939 queries
Searched 39296/502939 queries
Searched 39424/502939 queries
Searched 39552/502939 queries
Searched 39680/502939 queries
Searched 39808/502939 queries
Searched 39936/502939 queries
Searched 40064/502939 queries
Searched 40192/502939 queries
Searched 40320/502939 queries
Searched 40448/502939 queries
Searched 40576/502939 queries
Searched 40704/502939 queries
Searched 40832/502939 queries
Searched 40960/502939 queries
Searched 41088/502939 queries
Searched 41216/502939 queries
Searched 41344/502939 queries
Searched 41472/502939 queries
Searched 41600/502939 queries
Searched 41728/502939 queries
Searched 41856/502939 queries
Searched 41984/502939 queries
Searched 42112/502939 queries
Searched 42240/502939 queries
Searched 42368/502939 queries
Searched 42496/502939 queries
Searched 42624/502939 queries
Searched 42752/502939 queries
Searched 42880/502939 queries
Searched 43008/502939 queries
Searched 43136/502939 queries
Searched 43264/502939 queries
Searched 43392/502939 queries
Searched 43520/502939 queries
Searched 43648/502939 queries
Searched 43776/502939 queries
Searched 43904/502939 queries
Searched 44032/502939 queries
Searched 44160/502939 queries
Searched 44288/502939 queries
Searched 44416/502939 queries
Searched 44544/502939 queries
Searched 44672/502939 queries
Searched 44800/502939 queries
Searched 44928/502939 queries
Searched 45056/502939 queries
Searched 45184/502939 queries
Searched 45312/502939 queries
Searched 45440/502939 queries
Searched 45568/502939 queries
Searched 45696/502939 queries
Searched 45824/502939 queries
Searched 45952/502939 queries
Searched 46080/502939 queries
Searched 46208/502939 queries
Searched 46336/502939 queries
Searched 46464/502939 queries
Searched 46592/502939 queries
Searched 46720/502939 queries
Searched 46848/502939 queries
Searched 46976/502939 queries
Searched 47104/502939 queries
Searched 47232/502939 queries
Searched 47360/502939 queries
Searched 47488/502939 queries
Searched 47616/502939 queries
Searched 47744/502939 queries
Searched 47872/502939 queries
Searched 48000/502939 queries
Searched 48128/502939 queries
Searched 48256/502939 queries
Searched 48384/502939 queries
Searched 48512/502939 queries
Searched 48640/502939 queries
Searched 48768/502939 queries
Searched 48896/502939 queries
Searched 49024/502939 queries
Searched 49152/502939 queries
Searched 49280/502939 queries
Searched 49408/502939 queries
Searched 49536/502939 queries
Searched 49664/502939 queries
Searched 49792/502939 queries
Searched 49920/502939 queries
Searched 50048/502939 queries
Searched 50176/502939 queries
Searched 50304/502939 queries
Searched 50432/502939 queries
Searched 50560/502939 queries
Searched 50688/502939 queries
Searched 50816/502939 queries
Searched 50944/502939 queries
Searched 51072/502939 queries
Searched 51200/502939 queries
Searched 51328/502939 queries
Searched 51456/502939 queries
Searched 51584/502939 queries
Searched 51712/502939 queries
Searched 51840/502939 queries
Searched 51968/502939 queries
Searched 52096/502939 queries
Searched 52224/502939 queries
Searched 52352/502939 queries
Searched 52480/502939 queries
Searched 52608/502939 queries
Searched 52736/502939 queries
Searched 52864/502939 queries
Searched 52992/502939 queries
Searched 53120/502939 queries
Searched 53248/502939 queries
Searched 53376/502939 queries
Searched 53504/502939 queries
Searched 53632/502939 queries
Searched 53760/502939 queries
Searched 53888/502939 queries
Searched 54016/502939 queries
Searched 54144/502939 queries
Searched 54272/502939 queries
Searched 54400/502939 queries
Searched 54528/502939 queries
Searched 54656/502939 queries
Searched 54784/502939 queries
Searched 54912/502939 queries
Searched 55040/502939 queries
Searched 55168/502939 queries
Searched 55296/502939 queries
Searched 55424/502939 queries
Searched 55552/502939 queries
Searched 55680/502939 queries
Searched 55808/502939 queries
Searched 55936/502939 queries
Searched 56064/502939 queries
Searched 56192/502939 queries
Searched 56320/502939 queries
Searched 56448/502939 queries
Searched 56576/502939 queries
Searched 56704/502939 queries
Searched 56832/502939 queries
Searched 56960/502939 queries
Searched 57088/502939 queries
Searched 57216/502939 queries
Searched 57344/502939 queries
Searched 57472/502939 queries
Searched 57600/502939 queries
Searched 57728/502939 queries
Searched 57856/502939 queries
Searched 57984/502939 queries
Searched 58112/502939 queries
Searched 58240/502939 queries
Searched 58368/502939 queries
Searched 58496/502939 queries
Searched 58624/502939 queries
Searched 58752/502939 queries
Searched 58880/502939 queries
Searched 59008/502939 queries
Searched 59136/502939 queries
Searched 59264/502939 queries
Searched 59392/502939 queries
Searched 59520/502939 queries
Searched 59648/502939 queries
Searched 59776/502939 queries
Searched 59904/502939 queries
Searched 60032/502939 queries
Searched 60160/502939 queries
Searched 60288/502939 queries
Searched 60416/502939 queries
Searched 60544/502939 queries
Searched 60672/502939 queries
Searched 60800/502939 queries
Searched 60928/502939 queries
Searched 61056/502939 queries
Searched 61184/502939 queries
Searched 61312/502939 queries
Searched 61440/502939 queries
Searched 61568/502939 queries
Searched 61696/502939 queries
Searched 61824/502939 queries
Searched 61952/502939 queries
Searched 62080/502939 queries
Searched 62208/502939 queries
Searched 62336/502939 queries
Searched 62464/502939 queries
Searched 62592/502939 queries
Searched 62720/502939 queries
Searched 62848/502939 queries
Searched 62976/502939 queries
Searched 63104/502939 queries
Searched 63232/502939 queries
Searched 63360/502939 queries
Searched 63488/502939 queries
Searched 63616/502939 queries
Searched 63744/502939 queries
Searched 63872/502939 queries
Searched 64000/502939 queries
Searched 64128/502939 queries
Searched 64256/502939 queries
Searched 64384/502939 queries
Searched 64512/502939 queries
Searched 64640/502939 queries
Searched 64768/502939 queries
Searched 64896/502939 queries
Searched 65024/502939 queries
Searched 65152/502939 queries
Searched 65280/502939 queries
Searched 65408/502939 queries
Searched 65536/502939 queries
Searched 65664/502939 queries
Searched 65792/502939 queries
Searched 65920/502939 queries
Searched 66048/502939 queries
Searched 66176/502939 queries
Searched 66304/502939 queries
Searched 66432/502939 queries
Searched 66560/502939 queries
Searched 66688/502939 queries
Searched 66816/502939 queries
Searched 66944/502939 queries
Searched 67072/502939 queries
Searched 67200/502939 queries
Searched 67328/502939 queries
Searched 67456/502939 queries
Searched 67584/502939 queries
Searched 67712/502939 queries
Searched 67840/502939 queries
Searched 67968/502939 queries
Searched 68096/502939 queries
Searched 68224/502939 queries
Searched 68352/502939 queries
Searched 68480/502939 queries
Searched 68608/502939 queries
Searched 68736/502939 queries
Searched 68864/502939 queries
Searched 68992/502939 queries
Searched 69120/502939 queries
Searched 69248/502939 queries
Searched 69376/502939 queries
Searched 69504/502939 queries
Searched 69632/502939 queries
Searched 69760/502939 queries
Searched 69888/502939 queries
Searched 70016/502939 queries
Searched 70144/502939 queries
Searched 70272/502939 queries
Searched 70400/502939 queries
Searched 70528/502939 queries
Searched 70656/502939 queries
Searched 70784/502939 queries
Searched 70912/502939 queries
Searched 71040/502939 queries
Searched 71168/502939 queries
Searched 71296/502939 queries
Searched 71424/502939 queries
Searched 71552/502939 queries
Searched 71680/502939 queries
Searched 71808/502939 queries
Searched 71936/502939 queries
Searched 72064/502939 queries
Searched 72192/502939 queries
Searched 72320/502939 queries
Searched 72448/502939 queries
Searched 72576/502939 queries
Searched 72704/502939 queries
Searched 72832/502939 queries
Searched 72960/502939 queries
Searched 73088/502939 queries
Searched 73216/502939 queries
Searched 73344/502939 queries
Searched 73472/502939 queries
Searched 73600/502939 queries
Searched 73728/502939 queries
Searched 73856/502939 queries
Searched 73984/502939 queries
Searched 74112/502939 queries
Searched 74240/502939 queries
Searched 74368/502939 queries
Searched 74496/502939 queries
Searched 74624/502939 queries
Searched 74752/502939 queries
Searched 74880/502939 queries
Searched 75008/502939 queries
Searched 75136/502939 queries
Searched 75264/502939 queries
Searched 75392/502939 queries
Searched 75520/502939 queries
Searched 75648/502939 queries
Searched 75776/502939 queries
Searched 75904/502939 queries
Searched 76032/502939 queries
Searched 76160/502939 queries
Searched 76288/502939 queries
Searched 76416/502939 queries
Searched 76544/502939 queries
Searched 76672/502939 queries
Searched 76800/502939 queries
Searched 76928/502939 queries
Searched 77056/502939 queries
Searched 77184/502939 queries
Searched 77312/502939 queries
Searched 77440/502939 queries
Searched 77568/502939 queries
Searched 77696/502939 queries
Searched 77824/502939 queries
Searched 77952/502939 queries
Searched 78080/502939 queries
Searched 78208/502939 queries
Searched 78336/502939 queries
Searched 78464/502939 queries
Searched 78592/502939 queries
Searched 78720/502939 queries
Searched 78848/502939 queries
Searched 78976/502939 queries
Searched 79104/502939 queries
Searched 79232/502939 queries
Searched 79360/502939 queries
Searched 79488/502939 queries
Searched 79616/502939 queries
Searched 79744/502939 queries
Searched 79872/502939 queries
Searched 80000/502939 queries
Searched 80128/502939 queries
Searched 80256/502939 queries
Searched 80384/502939 queries
Searched 80512/502939 queries
Searched 80640/502939 queries
Searched 80768/502939 queries
Searched 80896/502939 queries
Searched 81024/502939 queries
Searched 81152/502939 queries
Searched 81280/502939 queries
Searched 81408/502939 queries
Searched 81536/502939 queries
Searched 81664/502939 queries
Searched 81792/502939 queries
Searched 81920/502939 queries
Searched 82048/502939 queries
Searched 82176/502939 queries
Searched 82304/502939 queries
Searched 82432/502939 queries
Searched 82560/502939 queries
Searched 82688/502939 queries
Searched 82816/502939 queries
Searched 82944/502939 queries
Searched 83072/502939 queries
Searched 83200/502939 queries
Searched 83328/502939 queries
Searched 83456/502939 queries
Searched 83584/502939 queries
Searched 83712/502939 queries
Searched 83840/502939 queries
Searched 83968/502939 queries
Searched 84096/502939 queries
Searched 84224/502939 queries
Searched 84352/502939 queries
Searched 84480/502939 queries
Searched 84608/502939 queries
Searched 84736/502939 queries
Searched 84864/502939 queries
Searched 84992/502939 queries
Searched 85120/502939 queries
Searched 85248/502939 queries
Searched 85376/502939 queries
Searched 85504/502939 queries
Searched 85632/502939 queries
Searched 85760/502939 queries
Searched 85888/502939 queries
Searched 86016/502939 queries
Searched 86144/502939 queries
Searched 86272/502939 queries
Searched 86400/502939 queries
Searched 86528/502939 queries
Searched 86656/502939 queries
Searched 86784/502939 queries
Searched 86912/502939 queries
Searched 87040/502939 queries
Searched 87168/502939 queries
Searched 87296/502939 queries
Searched 87424/502939 queries
Searched 87552/502939 queries
Searched 87680/502939 queries
Searched 87808/502939 queries
Searched 87936/502939 queries
Searched 88064/502939 queries
Searched 88192/502939 queries
Searched 88320/502939 queries
Searched 88448/502939 queries
Searched 88576/502939 queries
Searched 88704/502939 queries
Searched 88832/502939 queries
Searched 88960/502939 queries
Searched 89088/502939 queries
Searched 89216/502939 queries
Searched 89344/502939 queries
Searched 89472/502939 queries
Searched 89600/502939 queries
Searched 89728/502939 queries
Searched 89856/502939 queries
Searched 89984/502939 queries
Searched 90112/502939 queries
Searched 90240/502939 queries
Searched 90368/502939 queries
Searched 90496/502939 queries
Searched 90624/502939 queries
Searched 90752/502939 queries
Searched 90880/502939 queries
Searched 91008/502939 queries
Searched 91136/502939 queries
Searched 91264/502939 queries
Searched 91392/502939 queries
Searched 91520/502939 queries
Searched 91648/502939 queries
Searched 91776/502939 queries
Searched 91904/502939 queries
Searched 92032/502939 queries
Searched 92160/502939 queries
Searched 92288/502939 queries
Searched 92416/502939 queries
Searched 92544/502939 queries
Searched 92672/502939 queries
Searched 92800/502939 queries
Searched 92928/502939 queries
Searched 93056/502939 queries
Searched 93184/502939 queries
Searched 93312/502939 queries
Searched 93440/502939 queries
Searched 93568/502939 queries
Searched 93696/502939 queries
Searched 93824/502939 queries
Searched 93952/502939 queries
Searched 94080/502939 queries
Searched 94208/502939 queries
Searched 94336/502939 queries
Searched 94464/502939 queries
Searched 94592/502939 queries
Searched 94720/502939 queries
Searched 94848/502939 queries
Searched 94976/502939 queries
Searched 95104/502939 queries
Searched 95232/502939 queries
Searched 95360/502939 queries
Searched 95488/502939 queries
Searched 95616/502939 queries
Searched 95744/502939 queries
Searched 95872/502939 queries
Searched 96000/502939 queries
Searched 96128/502939 queries
Searched 96256/502939 queries
Searched 96384/502939 queries
Searched 96512/502939 queries
Searched 96640/502939 queries
Searched 96768/502939 queries
Searched 96896/502939 queries
Searched 97024/502939 queries
Searched 97152/502939 queries
Searched 97280/502939 queries
Searched 97408/502939 queries
Searched 97536/502939 queries
Searched 97664/502939 queries
Searched 97792/502939 queries
Searched 97920/502939 queries
Searched 98048/502939 queries
Searched 98176/502939 queries
Searched 98304/502939 queries
Searched 98432/502939 queries
Searched 98560/502939 queries
Searched 98688/502939 queries
Searched 98816/502939 queries
Searched 98944/502939 queries
Searched 99072/502939 queries
Searched 99200/502939 queries
Searched 99328/502939 queries
Searched 99456/502939 queries
Searched 99584/502939 queries
Searched 99712/502939 queries
Searched 99840/502939 queries
Searched 99968/502939 queries
Searched 100096/502939 queries
Searched 100224/502939 queries
Searched 100352/502939 queries
Searched 100480/502939 queries
Searched 100608/502939 queries
Searched 100736/502939 queries
Searched 100864/502939 queries
Searched 100992/502939 queries
Searched 101120/502939 queries
Searched 101248/502939 queries
Searched 101376/502939 queries
Searched 101504/502939 queries
Searched 101632/502939 queries
Searched 101760/502939 queries
Searched 101888/502939 queries
Searched 102016/502939 queries
Searched 102144/502939 queries
Searched 102272/502939 queries
Searched 102400/502939 queries
Searched 102528/502939 queries
Searched 102656/502939 queries
Searched 102784/502939 queries
Searched 102912/502939 queries
Searched 103040/502939 queries
Searched 103168/502939 queries
Searched 103296/502939 queries
Searched 103424/502939 queries
Searched 103552/502939 queries
Searched 103680/502939 queries
Searched 103808/502939 queries
Searched 103936/502939 queries
Searched 104064/502939 queries
Searched 104192/502939 queries
Searched 104320/502939 queries
Searched 104448/502939 queries
Searched 104576/502939 queries
Searched 104704/502939 queries
Searched 104832/502939 queries
Searched 104960/502939 queries
Searched 105088/502939 queries
Searched 105216/502939 queries
Searched 105344/502939 queries
Searched 105472/502939 queries
Searched 105600/502939 queries
Searched 105728/502939 queries
Searched 105856/502939 queries
Searched 105984/502939 queries
Searched 106112/502939 queries
Searched 106240/502939 queries
Searched 106368/502939 queries
Searched 106496/502939 queries
Searched 106624/502939 queries
Searched 106752/502939 queries
Searched 106880/502939 queries
Searched 107008/502939 queries
Searched 107136/502939 queries
Searched 107264/502939 queries
Searched 107392/502939 queries
Searched 107520/502939 queries
Searched 107648/502939 queries
Searched 107776/502939 queries
Searched 107904/502939 queries
Searched 108032/502939 queries
Searched 108160/502939 queries
Searched 108288/502939 queries
Searched 108416/502939 queries
Searched 108544/502939 queries
Searched 108672/502939 queries
Searched 108800/502939 queries
Searched 108928/502939 queries
Searched 109056/502939 queries
Searched 109184/502939 queries
Searched 109312/502939 queries
Searched 109440/502939 queries
Searched 109568/502939 queries
Searched 109696/502939 queries
Searched 109824/502939 queries
Searched 109952/502939 queries
Searched 110080/502939 queries
Searched 110208/502939 queries
Searched 110336/502939 queries
Searched 110464/502939 queries
Searched 110592/502939 queries
Searched 110720/502939 queries
Searched 110848/502939 queries
Searched 110976/502939 queries
Searched 111104/502939 queries
Searched 111232/502939 queries
Searched 111360/502939 queries
Searched 111488/502939 queries
Searched 111616/502939 queries
Searched 111744/502939 queries
Searched 111872/502939 queries
Searched 112000/502939 queries
Searched 112128/502939 queries
Searched 112256/502939 queries
Searched 112384/502939 queries
Searched 112512/502939 queries
Searched 112640/502939 queries
Searched 112768/502939 queries
Searched 112896/502939 queries
Searched 113024/502939 queries
Searched 113152/502939 queries
Searched 113280/502939 queries
Searched 113408/502939 queries
Searched 113536/502939 queries
Searched 113664/502939 queries
Searched 113792/502939 queries
Searched 113920/502939 queries
Searched 114048/502939 queries
Searched 114176/502939 queries
Searched 114304/502939 queries
Searched 114432/502939 queries
Searched 114560/502939 queries
Searched 114688/502939 queries
Searched 114816/502939 queries
Searched 114944/502939 queries
Searched 115072/502939 queries
Searched 115200/502939 queries
Searched 115328/502939 queries
Searched 115456/502939 queries
Searched 115584/502939 queries
Searched 115712/502939 queries
Searched 115840/502939 queries
Searched 115968/502939 queries
Searched 116096/502939 queries
Searched 116224/502939 queries
Searched 116352/502939 queries
Searched 116480/502939 queries
Searched 116608/502939 queries
Searched 116736/502939 queries
Searched 116864/502939 queries
Searched 116992/502939 queries
Searched 117120/502939 queries
Searched 117248/502939 queries
Searched 117376/502939 queries
Searched 117504/502939 queries
Searched 117632/502939 queries
Searched 117760/502939 queries
Searched 117888/502939 queries
Searched 118016/502939 queries
Searched 118144/502939 queries
Searched 118272/502939 queries
Searched 118400/502939 queries
Searched 118528/502939 queries
Searched 118656/502939 queries
Searched 118784/502939 queries
Searched 118912/502939 queries
Searched 119040/502939 queries
Searched 119168/502939 queries
Searched 119296/502939 queries
Searched 119424/502939 queries
Searched 119552/502939 queries
Searched 119680/502939 queries
Searched 119808/502939 queries
Searched 119936/502939 queries
Searched 120064/502939 queries
Searched 120192/502939 queries
Searched 120320/502939 queries
Searched 120448/502939 queries
Searched 120576/502939 queries
Searched 120704/502939 queries
Searched 120832/502939 queries
Searched 120960/502939 queries
Searched 121088/502939 queries
Searched 121216/502939 queries
Searched 121344/502939 queries
Searched 121472/502939 queries
Searched 121600/502939 queries
Searched 121728/502939 queries
Searched 121856/502939 queries
Searched 121984/502939 queries
Searched 122112/502939 queries
Searched 122240/502939 queries
Searched 122368/502939 queries
Searched 122496/502939 queries
Searched 122624/502939 queries
Searched 122752/502939 queries
Searched 122880/502939 queries
Searched 123008/502939 queries
Searched 123136/502939 queries
Searched 123264/502939 queries
Searched 123392/502939 queries
Searched 123520/502939 queries
Searched 123648/502939 queries
Searched 123776/502939 queries
Searched 123904/502939 queries
Searched 124032/502939 queries
Searched 124160/502939 queries
Searched 124288/502939 queries
Searched 124416/502939 queries
Searched 124544/502939 queries
Searched 124672/502939 queries
Searched 124800/502939 queries
Searched 124928/502939 queries
Searched 125056/502939 queries
Searched 125184/502939 queries
Searched 125312/502939 queries
Searched 125440/502939 queries
Searched 125568/502939 queries
Searched 125696/502939 queries
Searched 125824/502939 queries
Searched 125952/502939 queries
Searched 126080/502939 queries
Searched 126208/502939 queries
Searched 126336/502939 queries
Searched 126464/502939 queries
Searched 126592/502939 queries
Searched 126720/502939 queries
Searched 126848/502939 queries
Searched 126976/502939 queries
Searched 127104/502939 queries
Searched 127232/502939 queries
Searched 127360/502939 queries
Searched 127488/502939 queries
Searched 127616/502939 queries
Searched 127744/502939 queries
Searched 127872/502939 queries
Searched 128000/502939 queries
Searched 128128/502939 queries
Searched 128256/502939 queries
Searched 128384/502939 queries
Searched 128512/502939 queries
Searched 128640/502939 queries
Searched 128768/502939 queries
Searched 128896/502939 queries
Searched 129024/502939 queries
Searched 129152/502939 queries
Searched 129280/502939 queries
Searched 129408/502939 queries
Searched 129536/502939 queries
Searched 129664/502939 queries
Searched 129792/502939 queries
Searched 129920/502939 queries
Searched 130048/502939 queries
Searched 130176/502939 queries
Searched 130304/502939 queries
Searched 130432/502939 queries
Searched 130560/502939 queries
Searched 130688/502939 queries
Searched 130816/502939 queries
Searched 130944/502939 queries
Searched 131072/502939 queries
Searched 131200/502939 queries
Searched 131328/502939 queries
Searched 131456/502939 queries
Searched 131584/502939 queries
Searched 131712/502939 queries
Searched 131840/502939 queries
Searched 131968/502939 queries
Searched 132096/502939 queries
Searched 132224/502939 queries
Searched 132352/502939 queries
Searched 132480/502939 queries
Searched 132608/502939 queries
Searched 132736/502939 queries
Searched 132864/502939 queries
Searched 132992/502939 queries
Searched 133120/502939 queries
Searched 133248/502939 queries
Searched 133376/502939 queries
Searched 133504/502939 queries
Searched 133632/502939 queries
Searched 133760/502939 queries
Searched 133888/502939 queries
Searched 134016/502939 queries
Searched 134144/502939 queries
Searched 134272/502939 queries
Searched 134400/502939 queries
Searched 134528/502939 queries
Searched 134656/502939 queries
Searched 134784/502939 queries
Searched 134912/502939 queries
Searched 135040/502939 queries
Searched 135168/502939 queries
Searched 135296/502939 queries
Searched 135424/502939 queries
Searched 135552/502939 queries
Searched 135680/502939 queries
Searched 135808/502939 queries
Searched 135936/502939 queries
Searched 136064/502939 queries
Searched 136192/502939 queries
Searched 136320/502939 queries
Searched 136448/502939 queries
Searched 136576/502939 queries
Searched 136704/502939 queries
Searched 136832/502939 queries
Searched 136960/502939 queries
Searched 137088/502939 queries
Searched 137216/502939 queries
Searched 137344/502939 queries
Searched 137472/502939 queries
Searched 137600/502939 queries
Searched 137728/502939 queries
Searched 137856/502939 queries
Searched 137984/502939 queries
Searched 138112/502939 queries
Searched 138240/502939 queries
Searched 138368/502939 queries
Searched 138496/502939 queries
Searched 138624/502939 queries
Searched 138752/502939 queries
Searched 138880/502939 queries
Searched 139008/502939 queries
Searched 139136/502939 queries
Searched 139264/502939 queries
Searched 139392/502939 queries
Searched 139520/502939 queries
Searched 139648/502939 queries
Searched 139776/502939 queries
Searched 139904/502939 queries
Searched 140032/502939 queries
Searched 140160/502939 queries
Searched 140288/502939 queries
Searched 140416/502939 queries
Searched 140544/502939 queries
Searched 140672/502939 queries
Searched 140800/502939 queries
Searched 140928/502939 queries
Searched 141056/502939 queries
Searched 141184/502939 queries
Searched 141312/502939 queries
Searched 141440/502939 queries
Searched 141568/502939 queries
Searched 141696/502939 queries
Searched 141824/502939 queries
Searched 141952/502939 queries
Searched 142080/502939 queries
Searched 142208/502939 queries
Searched 142336/502939 queries
Searched 142464/502939 queries
Searched 142592/502939 queries
Searched 142720/502939 queries
Searched 142848/502939 queries
Searched 142976/502939 queries
Searched 143104/502939 queries
Searched 143232/502939 queries
Searched 143360/502939 queries
Searched 143488/502939 queries
Searched 143616/502939 queries
Searched 143744/502939 queries
Searched 143872/502939 queries
Searched 144000/502939 queries
Searched 144128/502939 queries
Searched 144256/502939 queries
Searched 144384/502939 queries
Searched 144512/502939 queries
Searched 144640/502939 queries
Searched 144768/502939 queries
Searched 144896/502939 queries
Searched 145024/502939 queries
Searched 145152/502939 queries
Searched 145280/502939 queries
Searched 145408/502939 queries
Searched 145536/502939 queries
Searched 145664/502939 queries
Searched 145792/502939 queries
Searched 145920/502939 queries
Searched 146048/502939 queries
Searched 146176/502939 queries
Searched 146304/502939 queries
Searched 146432/502939 queries
Searched 146560/502939 queries
Searched 146688/502939 queries
Searched 146816/502939 queries
Searched 146944/502939 queries
Searched 147072/502939 queries
Searched 147200/502939 queries
Searched 147328/502939 queries
Searched 147456/502939 queries
Searched 147584/502939 queries
Searched 147712/502939 queries
Searched 147840/502939 queries
Searched 147968/502939 queries
Searched 148096/502939 queries
Searched 148224/502939 queries
Searched 148352/502939 queries
Searched 148480/502939 queries
Searched 148608/502939 queries
Searched 148736/502939 queries
Searched 148864/502939 queries
Searched 148992/502939 queries
Searched 149120/502939 queries
Searched 149248/502939 queries
Searched 149376/502939 queries
Searched 149504/502939 queries
Searched 149632/502939 queries
Searched 149760/502939 queries
Searched 149888/502939 queries
Searched 150016/502939 queries
Searched 150144/502939 queries
Searched 150272/502939 queries
Searched 150400/502939 queries
Searched 150528/502939 queries
Searched 150656/502939 queries
Searched 150784/502939 queries
Searched 150912/502939 queries
Searched 151040/502939 queries
Searched 151168/502939 queries
Searched 151296/502939 queries
Searched 151424/502939 queries
Searched 151552/502939 queries
Searched 151680/502939 queries
Searched 151808/502939 queries
Searched 151936/502939 queries
Searched 152064/502939 queries
Searched 152192/502939 queries
Searched 152320/502939 queries
Searched 152448/502939 queries
Searched 152576/502939 queries
Searched 152704/502939 queries
Searched 152832/502939 queries
Searched 152960/502939 queries
Searched 153088/502939 queries
Searched 153216/502939 queries
Searched 153344/502939 queries
Searched 153472/502939 queries
Searched 153600/502939 queries
Searched 153728/502939 queries
Searched 153856/502939 queries
Searched 153984/502939 queries
Searched 154112/502939 queries
Searched 154240/502939 queries
Searched 154368/502939 queries
Searched 154496/502939 queries
Searched 154624/502939 queries
Searched 154752/502939 queries
Searched 154880/502939 queries
Searched 155008/502939 queries
Searched 155136/502939 queries
Searched 155264/502939 queries
Searched 155392/502939 queries
Searched 155520/502939 queries
Searched 155648/502939 queries
Searched 155776/502939 queries
Searched 155904/502939 queries
Searched 156032/502939 queries
Searched 156160/502939 queries
Searched 156288/502939 queries
Searched 156416/502939 queries
Searched 156544/502939 queries
Searched 156672/502939 queries
Searched 156800/502939 queries
Searched 156928/502939 queries
Searched 157056/502939 queries
Searched 157184/502939 queries
Searched 157312/502939 queries
Searched 157440/502939 queries
Searched 157568/502939 queries
Searched 157696/502939 queries
Searched 157824/502939 queries
Searched 157952/502939 queries
Searched 158080/502939 queries
Searched 158208/502939 queries
Searched 158336/502939 queries
Searched 158464/502939 queries
Searched 158592/502939 queries
Searched 158720/502939 queries
Searched 158848/502939 queries
Searched 158976/502939 queries
Searched 159104/502939 queries
Searched 159232/502939 queries
Searched 159360/502939 queries
Searched 159488/502939 queries
Searched 159616/502939 queries
Searched 159744/502939 queries
Searched 159872/502939 queries
Searched 160000/502939 queries
Searched 160128/502939 queries
Searched 160256/502939 queries
Searched 160384/502939 queries
Searched 160512/502939 queries
Searched 160640/502939 queries
Searched 160768/502939 queries
Searched 160896/502939 queries
Searched 161024/502939 queries
Searched 161152/502939 queries
Searched 161280/502939 queries
Searched 161408/502939 queries
Searched 161536/502939 queries
Searched 161664/502939 queries
Searched 161792/502939 queries
Searched 161920/502939 queries
Searched 162048/502939 queries
Searched 162176/502939 queries
Searched 162304/502939 queries
Searched 162432/502939 queries
Searched 162560/502939 queries
Searched 162688/502939 queries
Searched 162816/502939 queries
Searched 162944/502939 queries
Searched 163072/502939 queries
Searched 163200/502939 queries
Searched 163328/502939 queries
Searched 163456/502939 queries
Searched 163584/502939 queries
Searched 163712/502939 queries
Searched 163840/502939 queries
Searched 163968/502939 queries
Searched 164096/502939 queries
Searched 164224/502939 queries
Searched 164352/502939 queries
Searched 164480/502939 queries
Searched 164608/502939 queries
Searched 164736/502939 queries
Searched 164864/502939 queries
Searched 164992/502939 queries
Searched 165120/502939 queries
Searched 165248/502939 queries
Searched 165376/502939 queries
Searched 165504/502939 queries
Searched 165632/502939 queries
Searched 165760/502939 queries
Searched 165888/502939 queries
Searched 166016/502939 queries
Searched 166144/502939 queries
Searched 166272/502939 queries
Searched 166400/502939 queries
Searched 166528/502939 queries
Searched 166656/502939 queries
Searched 166784/502939 queries
Searched 166912/502939 queries
Searched 167040/502939 queries
Searched 167168/502939 queries
Searched 167296/502939 queries
Searched 167424/502939 queries
Searched 167552/502939 queries
Searched 167680/502939 queries
Searched 167808/502939 queries
Searched 167936/502939 queries
Searched 168064/502939 queries
Searched 168192/502939 queries
Searched 168320/502939 queries
Searched 168448/502939 queries
Searched 168576/502939 queries
Searched 168704/502939 queries
Searched 168832/502939 queries
Searched 168960/502939 queries
Searched 169088/502939 queries
Searched 169216/502939 queries
Searched 169344/502939 queries
Searched 169472/502939 queries
Searched 169600/502939 queries
Searched 169728/502939 queries
Searched 169856/502939 queries
Searched 169984/502939 queries
Searched 170112/502939 queries
Searched 170240/502939 queries
Searched 170368/502939 queries
Searched 170496/502939 queries
Searched 170624/502939 queries
Searched 170752/502939 queries
Searched 170880/502939 queries
Searched 171008/502939 queries
Searched 171136/502939 queries
Searched 171264/502939 queries
Searched 171392/502939 queries
Searched 171520/502939 queries
Searched 171648/502939 queries
Searched 171776/502939 queries
Searched 171904/502939 queries
Searched 172032/502939 queries
Searched 172160/502939 queries
Searched 172288/502939 queries
Searched 172416/502939 queries
Searched 172544/502939 queries
Searched 172672/502939 queries
Searched 172800/502939 queries
Searched 172928/502939 queries
Searched 173056/502939 queries
Searched 173184/502939 queries
Searched 173312/502939 queries
Searched 173440/502939 queries
Searched 173568/502939 queries
Searched 173696/502939 queries
Searched 173824/502939 queries
Searched 173952/502939 queries
Searched 174080/502939 queries
Searched 174208/502939 queries
Searched 174336/502939 queries
Searched 174464/502939 queries
Searched 174592/502939 queries
Searched 174720/502939 queries
Searched 174848/502939 queries
Searched 174976/502939 queries
Searched 175104/502939 queries
Searched 175232/502939 queries
Searched 175360/502939 queries
Searched 175488/502939 queries
Searched 175616/502939 queries
Searched 175744/502939 queries
Searched 175872/502939 queries
Searched 176000/502939 queries
Searched 176128/502939 queries
Searched 176256/502939 queries
Searched 176384/502939 queries
Searched 176512/502939 queries
Searched 176640/502939 queries
Searched 176768/502939 queries
Searched 176896/502939 queries
Searched 177024/502939 queries
Searched 177152/502939 queries
Searched 177280/502939 queries
Searched 177408/502939 queries
Searched 177536/502939 queries
Searched 177664/502939 queries
Searched 177792/502939 queries
Searched 177920/502939 queries
Searched 178048/502939 queries
Searched 178176/502939 queries
Searched 178304/502939 queries
Searched 178432/502939 queries
Searched 178560/502939 queries
Searched 178688/502939 queries
Searched 178816/502939 queries
Searched 178944/502939 queries
Searched 179072/502939 queries
Searched 179200/502939 queries
Searched 179328/502939 queries
Searched 179456/502939 queries
Searched 179584/502939 queries
Searched 179712/502939 queries
Searched 179840/502939 queries
Searched 179968/502939 queries
Searched 180096/502939 queries
Searched 180224/502939 queries
Searched 180352/502939 queries
Searched 180480/502939 queries
Searched 180608/502939 queries
Searched 180736/502939 queries
Searched 180864/502939 queries
Searched 180992/502939 queries
Searched 181120/502939 queries
Searched 181248/502939 queries
Searched 181376/502939 queries
Searched 181504/502939 queries
Searched 181632/502939 queries
Searched 181760/502939 queries
Searched 181888/502939 queries
Searched 182016/502939 queries
Searched 182144/502939 queries
Searched 182272/502939 queries
Searched 182400/502939 queries
Searched 182528/502939 queries
Searched 182656/502939 queries
Searched 182784/502939 queries
Searched 182912/502939 queries
Searched 183040/502939 queries
Searched 183168/502939 queries
Searched 183296/502939 queries
Searched 183424/502939 queries
Searched 183552/502939 queries
Searched 183680/502939 queries
Searched 183808/502939 queries
Searched 183936/502939 queries
Searched 184064/502939 queries
Searched 184192/502939 queries
Searched 184320/502939 queries
Searched 184448/502939 queries
Searched 184576/502939 queries
Searched 184704/502939 queries
Searched 184832/502939 queries
Searched 184960/502939 queries
Searched 185088/502939 queries
Searched 185216/502939 queries
Searched 185344/502939 queries
Searched 185472/502939 queries
Searched 185600/502939 queries
Searched 185728/502939 queries
Searched 185856/502939 queries
Searched 185984/502939 queries
Searched 186112/502939 queries
Searched 186240/502939 queries
Searched 186368/502939 queries
Searched 186496/502939 queries
Searched 186624/502939 queries
Searched 186752/502939 queries
Searched 186880/502939 queries
Searched 187008/502939 queries
Searched 187136/502939 queries
Searched 187264/502939 queries
Searched 187392/502939 queries
Searched 187520/502939 queries
Searched 187648/502939 queries
Searched 187776/502939 queries
Searched 187904/502939 queries
Searched 188032/502939 queries
Searched 188160/502939 queries
Searched 188288/502939 queries
Searched 188416/502939 queries
Searched 188544/502939 queries
Searched 188672/502939 queries
Searched 188800/502939 queries
Searched 188928/502939 queries
Searched 189056/502939 queries
Searched 189184/502939 queries
Searched 189312/502939 queries
Searched 189440/502939 queries
Searched 189568/502939 queries
Searched 189696/502939 queries
Searched 189824/502939 queries
Searched 189952/502939 queries
Searched 190080/502939 queries
Searched 190208/502939 queries
Searched 190336/502939 queries
Searched 190464/502939 queries
Searched 190592/502939 queries
Searched 190720/502939 queries
Searched 190848/502939 queries
Searched 190976/502939 queries
Searched 191104/502939 queries
Searched 191232/502939 queries
Searched 191360/502939 queries
Searched 191488/502939 queries
Searched 191616/502939 queries
Searched 191744/502939 queries
Searched 191872/502939 queries
Searched 192000/502939 queries
Searched 192128/502939 queries
Searched 192256/502939 queries
Searched 192384/502939 queries
Searched 192512/502939 queries
Searched 192640/502939 queries
Searched 192768/502939 queries
Searched 192896/502939 queries
Searched 193024/502939 queries
Searched 193152/502939 queries
Searched 193280/502939 queries
Searched 193408/502939 queries
Searched 193536/502939 queries
Searched 193664/502939 queries
Searched 193792/502939 queries
Searched 193920/502939 queries
Searched 194048/502939 queries
Searched 194176/502939 queries
Searched 194304/502939 queries
Searched 194432/502939 queries
Searched 194560/502939 queries
Searched 194688/502939 queries
Searched 194816/502939 queries
Searched 194944/502939 queries
Searched 195072/502939 queries
Searched 195200/502939 queries
Searched 195328/502939 queries
Searched 195456/502939 queries
Searched 195584/502939 queries
Searched 195712/502939 queries
Searched 195840/502939 queries
Searched 195968/502939 queries
Searched 196096/502939 queries
Searched 196224/502939 queries
Searched 196352/502939 queries
Searched 196480/502939 queries
Searched 196608/502939 queries
Searched 196736/502939 queries
Searched 196864/502939 queries
Searched 196992/502939 queries
Searched 197120/502939 queries
Searched 197248/502939 queries
Searched 197376/502939 queries
Searched 197504/502939 queries
Searched 197632/502939 queries
Searched 197760/502939 queries
Searched 197888/502939 queries
Searched 198016/502939 queries
Searched 198144/502939 queries
Searched 198272/502939 queries
Searched 198400/502939 queries
Searched 198528/502939 queries
Searched 198656/502939 queries
Searched 198784/502939 queries
Searched 198912/502939 queries
Searched 199040/502939 queries
Searched 199168/502939 queries
Searched 199296/502939 queries
Searched 199424/502939 queries
Searched 199552/502939 queries
Searched 199680/502939 queries
Searched 199808/502939 queries
Searched 199936/502939 queries
Searched 200064/502939 queries
Searched 200192/502939 queries
Searched 200320/502939 queries
Searched 200448/502939 queries
Searched 200576/502939 queries
Searched 200704/502939 queries
Searched 200832/502939 queries
Searched 200960/502939 queries
Searched 201088/502939 queries
Searched 201216/502939 queries
Searched 201344/502939 queries
Searched 201472/502939 queries
Searched 201600/502939 queries
Searched 201728/502939 queries
Searched 201856/502939 queries
Searched 201984/502939 queries
Searched 202112/502939 queries
Searched 202240/502939 queries
Searched 202368/502939 queries
Searched 202496/502939 queries
Searched 202624/502939 queries
Searched 202752/502939 queries
Searched 202880/502939 queries
Searched 203008/502939 queries
Searched 203136/502939 queries
Searched 203264/502939 queries
Searched 203392/502939 queries
Searched 203520/502939 queries
Searched 203648/502939 queries
Searched 203776/502939 queries
Searched 203904/502939 queries
Searched 204032/502939 queries
Searched 204160/502939 queries
Searched 204288/502939 queries
Searched 204416/502939 queries
Searched 204544/502939 queries
Searched 204672/502939 queries
Searched 204800/502939 queries
Searched 204928/502939 queries
Searched 205056/502939 queries
Searched 205184/502939 queries
Searched 205312/502939 queries
Searched 205440/502939 queries
Searched 205568/502939 queries
Searched 205696/502939 queries
Searched 205824/502939 queries
Searched 205952/502939 queries
Searched 206080/502939 queries
Searched 206208/502939 queries
Searched 206336/502939 queries
Searched 206464/502939 queries
Searched 206592/502939 queries
Searched 206720/502939 queries
Searched 206848/502939 queries
Searched 206976/502939 queries
Searched 207104/502939 queries
Searched 207232/502939 queries
Searched 207360/502939 queries
Searched 207488/502939 queries
Searched 207616/502939 queries
Searched 207744/502939 queries
Searched 207872/502939 queries
Searched 208000/502939 queries
Searched 208128/502939 queries
Searched 208256/502939 queries
Searched 208384/502939 queries
Searched 208512/502939 queries
Searched 208640/502939 queries
Searched 208768/502939 queries
Searched 208896/502939 queries
Searched 209024/502939 queries
Searched 209152/502939 queries
Searched 209280/502939 queries
Searched 209408/502939 queries
Searched 209536/502939 queries
Searched 209664/502939 queries
Searched 209792/502939 queries
Searched 209920/502939 queries
Searched 210048/502939 queries
Searched 210176/502939 queries
Searched 210304/502939 queries
Searched 210432/502939 queries
Searched 210560/502939 queries
Searched 210688/502939 queries
Searched 210816/502939 queries
Searched 210944/502939 queries
Searched 211072/502939 queries
Searched 211200/502939 queries
Searched 211328/502939 queries
Searched 211456/502939 queries
Searched 211584/502939 queries
Searched 211712/502939 queries
Searched 211840/502939 queries
Searched 211968/502939 queries
Searched 212096/502939 queries
Searched 212224/502939 queries
Searched 212352/502939 queries
Searched 212480/502939 queries
Searched 212608/502939 queries
Searched 212736/502939 queries
Searched 212864/502939 queries
Searched 212992/502939 queries
Searched 213120/502939 queries
Searched 213248/502939 queries
Searched 213376/502939 queries
Searched 213504/502939 queries
Searched 213632/502939 queries
Searched 213760/502939 queries
Searched 213888/502939 queries
Searched 214016/502939 queries
Searched 214144/502939 queries
Searched 214272/502939 queries
Searched 214400/502939 queries
Searched 214528/502939 queries
Searched 214656/502939 queries
Searched 214784/502939 queries
Searched 214912/502939 queries
Searched 215040/502939 queries
Searched 215168/502939 queries
Searched 215296/502939 queries
Searched 215424/502939 queries
Searched 215552/502939 queries
Searched 215680/502939 queries
Searched 215808/502939 queries
Searched 215936/502939 queries
Searched 216064/502939 queries
Searched 216192/502939 queries
Searched 216320/502939 queries
Searched 216448/502939 queries
Searched 216576/502939 queries
Searched 216704/502939 queries
Searched 216832/502939 queries
Searched 216960/502939 queries
Searched 217088/502939 queries
Searched 217216/502939 queries
Searched 217344/502939 queries
Searched 217472/502939 queries
Searched 217600/502939 queries
Searched 217728/502939 queries
Searched 217856/502939 queries
Searched 217984/502939 queries
Searched 218112/502939 queries
Searched 218240/502939 queries
Searched 218368/502939 queries
Searched 218496/502939 queries
Searched 218624/502939 queries
Searched 218752/502939 queries
Searched 218880/502939 queries
Searched 219008/502939 queries
Searched 219136/502939 queries
Searched 219264/502939 queries
Searched 219392/502939 queries
Searched 219520/502939 queries
Searched 219648/502939 queries
Searched 219776/502939 queries
Searched 219904/502939 queries
Searched 220032/502939 queries
Searched 220160/502939 queries
Searched 220288/502939 queries
Searched 220416/502939 queries
Searched 220544/502939 queries
Searched 220672/502939 queries
Searched 220800/502939 queries
Searched 220928/502939 queries
Searched 221056/502939 queries
Searched 221184/502939 queries
Searched 221312/502939 queries
Searched 221440/502939 queries
Searched 221568/502939 queries
Searched 221696/502939 queries
Searched 221824/502939 queries
Searched 221952/502939 queries
Searched 222080/502939 queries
Searched 222208/502939 queries
Searched 222336/502939 queries
Searched 222464/502939 queries
Searched 222592/502939 queries
Searched 222720/502939 queries
Searched 222848/502939 queries
Searched 222976/502939 queries
Searched 223104/502939 queries
Searched 223232/502939 queries
Searched 223360/502939 queries
Searched 223488/502939 queries
Searched 223616/502939 queries
Searched 223744/502939 queries
Searched 223872/502939 queries
Searched 224000/502939 queries
Searched 224128/502939 queries
Searched 224256/502939 queries
Searched 224384/502939 queries
Searched 224512/502939 queries
Searched 224640/502939 queries
Searched 224768/502939 queries
Searched 224896/502939 queries
Searched 225024/502939 queries
Searched 225152/502939 queries
Searched 225280/502939 queries
Searched 225408/502939 queries
Searched 225536/502939 queries
Searched 225664/502939 queries
Searched 225792/502939 queries
Searched 225920/502939 queries
Searched 226048/502939 queries
Searched 226176/502939 queries
Searched 226304/502939 queries
Searched 226432/502939 queries
Searched 226560/502939 queries
Searched 226688/502939 queries
Searched 226816/502939 queries
Searched 226944/502939 queries
Searched 227072/502939 queries
Searched 227200/502939 queries
Searched 227328/502939 queries
Searched 227456/502939 queries
Searched 227584/502939 queries
Searched 227712/502939 queries
Searched 227840/502939 queries
Searched 227968/502939 queries
Searched 228096/502939 queries
Searched 228224/502939 queries
Searched 228352/502939 queries
Searched 228480/502939 queries
Searched 228608/502939 queries
Searched 228736/502939 queries
Searched 228864/502939 queries
Searched 228992/502939 queries
Searched 229120/502939 queries
Searched 229248/502939 queries
Searched 229376/502939 queries
Searched 229504/502939 queries
Searched 229632/502939 queries
Searched 229760/502939 queries
Searched 229888/502939 queries
Searched 230016/502939 queries
Searched 230144/502939 queries
Searched 230272/502939 queries
Searched 230400/502939 queries
Searched 230528/502939 queries
Searched 230656/502939 queries
Searched 230784/502939 queries
Searched 230912/502939 queries
Searched 231040/502939 queries
Searched 231168/502939 queries
Searched 231296/502939 queries
Searched 231424/502939 queries
Searched 231552/502939 queries
Searched 231680/502939 queries
Searched 231808/502939 queries
Searched 231936/502939 queries
Searched 232064/502939 queries
Searched 232192/502939 queries
Searched 232320/502939 queries
Searched 232448/502939 queries
Searched 232576/502939 queries
Searched 232704/502939 queries
Searched 232832/502939 queries
Searched 232960/502939 queries
Searched 233088/502939 queries
Searched 233216/502939 queries
Searched 233344/502939 queries
Searched 233472/502939 queries
Searched 233600/502939 queries
Searched 233728/502939 queries
Searched 233856/502939 queries
Searched 233984/502939 queries
Searched 234112/502939 queries
Searched 234240/502939 queries
Searched 234368/502939 queries
Searched 234496/502939 queries
Searched 234624/502939 queries
Searched 234752/502939 queries
Searched 234880/502939 queries
Searched 235008/502939 queries
Searched 235136/502939 queries
Searched 235264/502939 queries
Searched 235392/502939 queries
Searched 235520/502939 queries
Searched 235648/502939 queries
Searched 235776/502939 queries
Searched 235904/502939 queries
Searched 236032/502939 queries
Searched 236160/502939 queries
Searched 236288/502939 queries
Searched 236416/502939 queries
Searched 236544/502939 queries
Searched 236672/502939 queries
Searched 236800/502939 queries
Searched 236928/502939 queries
Searched 237056/502939 queries
Searched 237184/502939 queries
Searched 237312/502939 queries
Searched 237440/502939 queries
Searched 237568/502939 queries
Searched 237696/502939 queries
Searched 237824/502939 queries
Searched 237952/502939 queries
Searched 238080/502939 queries
Searched 238208/502939 queries
Searched 238336/502939 queries
Searched 238464/502939 queries
Searched 238592/502939 queries
Searched 238720/502939 queries
Searched 238848/502939 queries
Searched 238976/502939 queries
Searched 239104/502939 queries
Searched 239232/502939 queries
Searched 239360/502939 queries
Searched 239488/502939 queries
Searched 239616/502939 queries
Searched 239744/502939 queries
Searched 239872/502939 queries
Searched 240000/502939 queries
Searched 240128/502939 queries
Searched 240256/502939 queries
Searched 240384/502939 queries
Searched 240512/502939 queries
Searched 240640/502939 queries
Searched 240768/502939 queries
Searched 240896/502939 queries
Searched 241024/502939 queries
Searched 241152/502939 queries
Searched 241280/502939 queries
Searched 241408/502939 queries
Searched 241536/502939 queries
Searched 241664/502939 queries
Searched 241792/502939 queries
Searched 241920/502939 queries
Searched 242048/502939 queries
Searched 242176/502939 queries
Searched 242304/502939 queries
Searched 242432/502939 queries
Searched 242560/502939 queries
Searched 242688/502939 queries
Searched 242816/502939 queries
Searched 242944/502939 queries
Searched 243072/502939 queries
Searched 243200/502939 queries
Searched 243328/502939 queries
Searched 243456/502939 queries
Searched 243584/502939 queries
Searched 243712/502939 queries
Searched 243840/502939 queries
Searched 243968/502939 queries
Searched 244096/502939 queries
Searched 244224/502939 queries
Searched 244352/502939 queries
Searched 244480/502939 queries
Searched 244608/502939 queries
Searched 244736/502939 queries
Searched 244864/502939 queries
Searched 244992/502939 queries
Searched 245120/502939 queries
Searched 245248/502939 queries
Searched 245376/502939 queries
Searched 245504/502939 queries
Searched 245632/502939 queries
Searched 245760/502939 queries
Searched 245888/502939 queries
Searched 246016/502939 queries
Searched 246144/502939 queries
Searched 246272/502939 queries
Searched 246400/502939 queries
Searched 246528/502939 queries
Searched 246656/502939 queries
Searched 246784/502939 queries
Searched 246912/502939 queries
Searched 247040/502939 queries
Searched 247168/502939 queries
Searched 247296/502939 queries
Searched 247424/502939 queries
Searched 247552/502939 queries
Searched 247680/502939 queries
Searched 247808/502939 queries
Searched 247936/502939 queries
Searched 248064/502939 queries
Searched 248192/502939 queries
Searched 248320/502939 queries
Searched 248448/502939 queries
Searched 248576/502939 queries
Searched 248704/502939 queries
Searched 248832/502939 queries
Searched 248960/502939 queries
Searched 249088/502939 queries
Searched 249216/502939 queries
Searched 249344/502939 queries
Searched 249472/502939 queries
Searched 249600/502939 queries
Searched 249728/502939 queries
Searched 249856/502939 queries
Searched 249984/502939 queries
Searched 250112/502939 queries
Searched 250240/502939 queries
Searched 250368/502939 queries
Searched 250496/502939 queries
Searched 250624/502939 queries
Searched 250752/502939 queries
Searched 250880/502939 queries
Searched 251008/502939 queries
Searched 251136/502939 queries
Searched 251264/502939 queries
Searched 251392/502939 queries
Searched 251520/502939 queries
Searched 251648/502939 queries
Searched 251776/502939 queries
Searched 251904/502939 queries
Searched 252032/502939 queries
Searched 252160/502939 queries
Searched 252288/502939 queries
Searched 252416/502939 queries
Searched 252544/502939 queries
Searched 252672/502939 queries
Searched 252800/502939 queries
Searched 252928/502939 queries
Searched 253056/502939 queries
Searched 253184/502939 queries
Searched 253312/502939 queries
Searched 253440/502939 queries
Searched 253568/502939 queries
Searched 253696/502939 queries
Searched 253824/502939 queries
Searched 253952/502939 queries
Searched 254080/502939 queries
Searched 254208/502939 queries
Searched 254336/502939 queries
Searched 254464/502939 queries
Searched 254592/502939 queries
Searched 254720/502939 queries
Searched 254848/502939 queries
Searched 254976/502939 queries
Searched 255104/502939 queries
Searched 255232/502939 queries
Searched 255360/502939 queries
Searched 255488/502939 queries
Searched 255616/502939 queries
Searched 255744/502939 queries
Searched 255872/502939 queries
Searched 256000/502939 queries
Searched 256128/502939 queries
Searched 256256/502939 queries
Searched 256384/502939 queries
Searched 256512/502939 queries
Searched 256640/502939 queries
Searched 256768/502939 queries
Searched 256896/502939 queries
Searched 257024/502939 queries
Searched 257152/502939 queries
Searched 257280/502939 queries
Searched 257408/502939 queries
Searched 257536/502939 queries
Searched 257664/502939 queries
Searched 257792/502939 queries
Searched 257920/502939 queries
Searched 258048/502939 queries
Searched 258176/502939 queries
Searched 258304/502939 queries
Searched 258432/502939 queries
Searched 258560/502939 queries
Searched 258688/502939 queries
Searched 258816/502939 queries
Searched 258944/502939 queries
Searched 259072/502939 queries
Searched 259200/502939 queries
Searched 259328/502939 queries
Searched 259456/502939 queries
Searched 259584/502939 queries
Searched 259712/502939 queries
Searched 259840/502939 queries
Searched 259968/502939 queries
Searched 260096/502939 queries
Searched 260224/502939 queries
Searched 260352/502939 queries
Searched 260480/502939 queries
Searched 260608/502939 queries
Searched 260736/502939 queries
Searched 260864/502939 queries
Searched 260992/502939 queries
Searched 261120/502939 queries
Searched 261248/502939 queries
Searched 261376/502939 queries
Searched 261504/502939 queries
Searched 261632/502939 queries
Searched 261760/502939 queries
Searched 261888/502939 queries
Searched 262016/502939 queries
Searched 262144/502939 queries
Searched 262272/502939 queries
Searched 262400/502939 queries
Searched 262528/502939 queries
Searched 262656/502939 queries
Searched 262784/502939 queries
Searched 262912/502939 queries
Searched 263040/502939 queries
Searched 263168/502939 queries
Searched 263296/502939 queries
Searched 263424/502939 queries
Searched 263552/502939 queries
Searched 263680/502939 queries
Searched 263808/502939 queries
Searched 263936/502939 queries
Searched 264064/502939 queries
Searched 264192/502939 queries
Searched 264320/502939 queries
Searched 264448/502939 queries
Searched 264576/502939 queries
Searched 264704/502939 queries
Searched 264832/502939 queries
Searched 264960/502939 queries
Searched 265088/502939 queries
Searched 265216/502939 queries
Searched 265344/502939 queries
Searched 265472/502939 queries
Searched 265600/502939 queries
Searched 265728/502939 queries
Searched 265856/502939 queries
Searched 265984/502939 queries
Searched 266112/502939 queries
Searched 266240/502939 queries
Searched 266368/502939 queries
Searched 266496/502939 queries
Searched 266624/502939 queries
Searched 266752/502939 queries
Searched 266880/502939 queries
Searched 267008/502939 queries
Searched 267136/502939 queries
Searched 267264/502939 queries
Searched 267392/502939 queries
Searched 267520/502939 queries
Searched 267648/502939 queries
Searched 267776/502939 queries
Searched 267904/502939 queries
Searched 268032/502939 queries
Searched 268160/502939 queries
Searched 268288/502939 queries
Searched 268416/502939 queries
Searched 268544/502939 queries
Searched 268672/502939 queries
Searched 268800/502939 queries
Searched 268928/502939 queries
Searched 269056/502939 queries
Searched 269184/502939 queries
Searched 269312/502939 queries
Searched 269440/502939 queries
Searched 269568/502939 queries
Searched 269696/502939 queries
Searched 269824/502939 queries
Searched 269952/502939 queries
Searched 270080/502939 queries
Searched 270208/502939 queries
Searched 270336/502939 queries
Searched 270464/502939 queries
Searched 270592/502939 queries
Searched 270720/502939 queries
Searched 270848/502939 queries
Searched 270976/502939 queries
Searched 271104/502939 queries
Searched 271232/502939 queries
Searched 271360/502939 queries
Searched 271488/502939 queries
Searched 271616/502939 queries
Searched 271744/502939 queries
Searched 271872/502939 queries
Searched 272000/502939 queries
Searched 272128/502939 queries
Searched 272256/502939 queries
Searched 272384/502939 queries
Searched 272512/502939 queries
Searched 272640/502939 queries
Searched 272768/502939 queries
Searched 272896/502939 queries
Searched 273024/502939 queries
Searched 273152/502939 queries
Searched 273280/502939 queries
Searched 273408/502939 queries
Searched 273536/502939 queries
Searched 273664/502939 queries
Searched 273792/502939 queries
Searched 273920/502939 queries
Searched 274048/502939 queries
Searched 274176/502939 queries
Searched 274304/502939 queries
Searched 274432/502939 queries
Searched 274560/502939 queries
Searched 274688/502939 queries
Searched 274816/502939 queries
Searched 274944/502939 queries
Searched 275072/502939 queries
Searched 275200/502939 queries
Searched 275328/502939 queries
Searched 275456/502939 queries
Searched 275584/502939 queries
Searched 275712/502939 queries
Searched 275840/502939 queries
Searched 275968/502939 queries
Searched 276096/502939 queries
Searched 276224/502939 queries
Searched 276352/502939 queries
Searched 276480/502939 queries
Searched 276608/502939 queries
Searched 276736/502939 queries
Searched 276864/502939 queries
Searched 276992/502939 queries
Searched 277120/502939 queries
Searched 277248/502939 queries
Searched 277376/502939 queries
Searched 277504/502939 queries
Searched 277632/502939 queries
Searched 277760/502939 queries
Searched 277888/502939 queries
Searched 278016/502939 queries
Searched 278144/502939 queries
Searched 278272/502939 queries
Searched 278400/502939 queries
Searched 278528/502939 queries
Searched 278656/502939 queries
Searched 278784/502939 queries
Searched 278912/502939 queries
Searched 279040/502939 queries
Searched 279168/502939 queries
Searched 279296/502939 queries
Searched 279424/502939 queries
Searched 279552/502939 queries
Searched 279680/502939 queries
Searched 279808/502939 queries
Searched 279936/502939 queries
Searched 280064/502939 queries
Searched 280192/502939 queries
Searched 280320/502939 queries
Searched 280448/502939 queries
Searched 280576/502939 queries
Searched 280704/502939 queries
Searched 280832/502939 queries
Searched 280960/502939 queries
Searched 281088/502939 queries
Searched 281216/502939 queries
Searched 281344/502939 queries
Searched 281472/502939 queries
Searched 281600/502939 queries
Searched 281728/502939 queries
Searched 281856/502939 queries
Searched 281984/502939 queries
Searched 282112/502939 queries
Searched 282240/502939 queries
Searched 282368/502939 queries
Searched 282496/502939 queries
Searched 282624/502939 queries
Searched 282752/502939 queries
Searched 282880/502939 queries
Searched 283008/502939 queries
Searched 283136/502939 queries
Searched 283264/502939 queries
Searched 283392/502939 queries
Searched 283520/502939 queries
Searched 283648/502939 queries
Searched 283776/502939 queries
Searched 283904/502939 queries
Searched 284032/502939 queries
Searched 284160/502939 queries
Searched 284288/502939 queries
Searched 284416/502939 queries
Searched 284544/502939 queries
Searched 284672/502939 queries
Searched 284800/502939 queries
Searched 284928/502939 queries
Searched 285056/502939 queries
Searched 285184/502939 queries
Searched 285312/502939 queries
Searched 285440/502939 queries
Searched 285568/502939 queries
Searched 285696/502939 queries
Searched 285824/502939 queries
Searched 285952/502939 queries
Searched 286080/502939 queries
Searched 286208/502939 queries
Searched 286336/502939 queries
Searched 286464/502939 queries
Searched 286592/502939 queries
Searched 286720/502939 queries
Searched 286848/502939 queries
Searched 286976/502939 queries
Searched 287104/502939 queries
Searched 287232/502939 queries
Searched 287360/502939 queries
Searched 287488/502939 queries
Searched 287616/502939 queries
Searched 287744/502939 queries
Searched 287872/502939 queries
Searched 288000/502939 queries
Searched 288128/502939 queries
Searched 288256/502939 queries
Searched 288384/502939 queries
Searched 288512/502939 queries
Searched 288640/502939 queries
Searched 288768/502939 queries
Searched 288896/502939 queries
Searched 289024/502939 queries
Searched 289152/502939 queries
Searched 289280/502939 queries
Searched 289408/502939 queries
Searched 289536/502939 queries
Searched 289664/502939 queries
Searched 289792/502939 queries
Searched 289920/502939 queries
Searched 290048/502939 queries
Searched 290176/502939 queries
Searched 290304/502939 queries
Searched 290432/502939 queries
Searched 290560/502939 queries
Searched 290688/502939 queries
Searched 290816/502939 queries
Searched 290944/502939 queries
Searched 291072/502939 queries
Searched 291200/502939 queries
Searched 291328/502939 queries
Searched 291456/502939 queries
Searched 291584/502939 queries
Searched 291712/502939 queries
Searched 291840/502939 queries
Searched 291968/502939 queries
Searched 292096/502939 queries
Searched 292224/502939 queries
Searched 292352/502939 queries
Searched 292480/502939 queries
Searched 292608/502939 queries
Searched 292736/502939 queries
Searched 292864/502939 queries
Searched 292992/502939 queries
Searched 293120/502939 queries
Searched 293248/502939 queries
Searched 293376/502939 queries
Searched 293504/502939 queries
Searched 293632/502939 queries
Searched 293760/502939 queries
Searched 293888/502939 queries
Searched 294016/502939 queries
Searched 294144/502939 queries
Searched 294272/502939 queries
Searched 294400/502939 queries
Searched 294528/502939 queries
Searched 294656/502939 queries
Searched 294784/502939 queries
Searched 294912/502939 queries
Searched 295040/502939 queries
Searched 295168/502939 queries
Searched 295296/502939 queries
Searched 295424/502939 queries
Searched 295552/502939 queries
Searched 295680/502939 queries
Searched 295808/502939 queries
Searched 295936/502939 queries
Searched 296064/502939 queries
Searched 296192/502939 queries
Searched 296320/502939 queries
Searched 296448/502939 queries
Searched 296576/502939 queries
Searched 296704/502939 queries
Searched 296832/502939 queries
Searched 296960/502939 queries
Searched 297088/502939 queries
Searched 297216/502939 queries
Searched 297344/502939 queries
Searched 297472/502939 queries
Searched 297600/502939 queries
Searched 297728/502939 queries
Searched 297856/502939 queries
Searched 297984/502939 queries
Searched 298112/502939 queries
Searched 298240/502939 queries
Searched 298368/502939 queries
Searched 298496/502939 queries
Searched 298624/502939 queries
Searched 298752/502939 queries
Searched 298880/502939 queries
Searched 299008/502939 queries
Searched 299136/502939 queries
Searched 299264/502939 queries
Searched 299392/502939 queries
Searched 299520/502939 queries
Searched 299648/502939 queries
Searched 299776/502939 queries
Searched 299904/502939 queries
Searched 300032/502939 queries
Searched 300160/502939 queries
Searched 300288/502939 queries
Searched 300416/502939 queries
Searched 300544/502939 queries
Searched 300672/502939 queries
Searched 300800/502939 queries
Searched 300928/502939 queries
Searched 301056/502939 queries
Searched 301184/502939 queries
Searched 301312/502939 queries
Searched 301440/502939 queries
Searched 301568/502939 queries
Searched 301696/502939 queries
Searched 301824/502939 queries
Searched 301952/502939 queries
Searched 302080/502939 queries
Searched 302208/502939 queries
Searched 302336/502939 queries
Searched 302464/502939 queries
Searched 302592/502939 queries
Searched 302720/502939 queries
Searched 302848/502939 queries
Searched 302976/502939 queries
Searched 303104/502939 queries
Searched 303232/502939 queries
Searched 303360/502939 queries
Searched 303488/502939 queries
Searched 303616/502939 queries
Searched 303744/502939 queries
Searched 303872/502939 queries
Searched 304000/502939 queries
Searched 304128/502939 queries
Searched 304256/502939 queries
Searched 304384/502939 queries
Searched 304512/502939 queries
Searched 304640/502939 queries
Searched 304768/502939 queries
Searched 304896/502939 queries
Searched 305024/502939 queries
Searched 305152/502939 queries
Searched 305280/502939 queries
Searched 305408/502939 queries
Searched 305536/502939 queries
Searched 305664/502939 queries
Searched 305792/502939 queries
Searched 305920/502939 queries
Searched 306048/502939 queries
Searched 306176/502939 queries
Searched 306304/502939 queries
Searched 306432/502939 queries
Searched 306560/502939 queries
Searched 306688/502939 queries
Searched 306816/502939 queries
Searched 306944/502939 queries
Searched 307072/502939 queries
Searched 307200/502939 queries
Searched 307328/502939 queries
Searched 307456/502939 queries
Searched 307584/502939 queries
Searched 307712/502939 queries
Searched 307840/502939 queries
Searched 307968/502939 queries
Searched 308096/502939 queries
Searched 308224/502939 queries
Searched 308352/502939 queries
Searched 308480/502939 queries
Searched 308608/502939 queries
Searched 308736/502939 queries
Searched 308864/502939 queries
Searched 308992/502939 queries
Searched 309120/502939 queries
Searched 309248/502939 queries
Searched 309376/502939 queries
Searched 309504/502939 queries
Searched 309632/502939 queries
Searched 309760/502939 queries
Searched 309888/502939 queries
Searched 310016/502939 queries
Searched 310144/502939 queries
Searched 310272/502939 queries
Searched 310400/502939 queries
Searched 310528/502939 queries
Searched 310656/502939 queries
Searched 310784/502939 queries
Searched 310912/502939 queries
Searched 311040/502939 queries
Searched 311168/502939 queries
Searched 311296/502939 queries
Searched 311424/502939 queries
Searched 311552/502939 queries
Searched 311680/502939 queries
Searched 311808/502939 queries
Searched 311936/502939 queries
Searched 312064/502939 queries
Searched 312192/502939 queries
Searched 312320/502939 queries
Searched 312448/502939 queries
Searched 312576/502939 queries
Searched 312704/502939 queries
Searched 312832/502939 queries
Searched 312960/502939 queries
Searched 313088/502939 queries
Searched 313216/502939 queries
Searched 313344/502939 queries
Searched 313472/502939 queries
Searched 313600/502939 queries
Searched 313728/502939 queries
Searched 313856/502939 queries
Searched 313984/502939 queries
Searched 314112/502939 queries
Searched 314240/502939 queries
Searched 314368/502939 queries
Searched 314496/502939 queries
Searched 314624/502939 queries
Searched 314752/502939 queries
Searched 314880/502939 queries
Searched 315008/502939 queries
Searched 315136/502939 queries
Searched 315264/502939 queries
Searched 315392/502939 queries
Searched 315520/502939 queries
Searched 315648/502939 queries
Searched 315776/502939 queries
Searched 315904/502939 queries
Searched 316032/502939 queries
Searched 316160/502939 queries
Searched 316288/502939 queries
Searched 316416/502939 queries
Searched 316544/502939 queries
Searched 316672/502939 queries
Searched 316800/502939 queries
Searched 316928/502939 queries
Searched 317056/502939 queries
Searched 317184/502939 queries
Searched 317312/502939 queries
Searched 317440/502939 queries
Searched 317568/502939 queries
Searched 317696/502939 queries
Searched 317824/502939 queries
Searched 317952/502939 queries
Searched 318080/502939 queries
Searched 318208/502939 queries
Searched 318336/502939 queries
Searched 318464/502939 queries
Searched 318592/502939 queries
Searched 318720/502939 queries
Searched 318848/502939 queries
Searched 318976/502939 queries
Searched 319104/502939 queries
Searched 319232/502939 queries
Searched 319360/502939 queries
Searched 319488/502939 queries
Searched 319616/502939 queries
Searched 319744/502939 queries
Searched 319872/502939 queries
Searched 320000/502939 queries
Searched 320128/502939 queries
Searched 320256/502939 queries
Searched 320384/502939 queries
Searched 320512/502939 queries
Searched 320640/502939 queries
Searched 320768/502939 queries
Searched 320896/502939 queries
Searched 321024/502939 queries
Searched 321152/502939 queries
Searched 321280/502939 queries
Searched 321408/502939 queries
Searched 321536/502939 queries
Searched 321664/502939 queries
Searched 321792/502939 queries
Searched 321920/502939 queries
Searched 322048/502939 queries
Searched 322176/502939 queries
Searched 322304/502939 queries
Searched 322432/502939 queries
Searched 322560/502939 queries
Searched 322688/502939 queries
Searched 322816/502939 queries
Searched 322944/502939 queries
Searched 323072/502939 queries
Searched 323200/502939 queries
Searched 323328/502939 queries
Searched 323456/502939 queries
Searched 323584/502939 queries
Searched 323712/502939 queries
Searched 323840/502939 queries
Searched 323968/502939 queries
Searched 324096/502939 queries
Searched 324224/502939 queries
Searched 324352/502939 queries
Searched 324480/502939 queries
Searched 324608/502939 queries
Searched 324736/502939 queries
Searched 324864/502939 queries
Searched 324992/502939 queries
Searched 325120/502939 queries
Searched 325248/502939 queries
Searched 325376/502939 queries
Searched 325504/502939 queries
Searched 325632/502939 queries
Searched 325760/502939 queries
Searched 325888/502939 queries
Searched 326016/502939 queries
Searched 326144/502939 queries
Searched 326272/502939 queries
Searched 326400/502939 queries
Searched 326528/502939 queries
Searched 326656/502939 queries
Searched 326784/502939 queries
Searched 326912/502939 queries
Searched 327040/502939 queries
Searched 327168/502939 queries
Searched 327296/502939 queries
Searched 327424/502939 queries
Searched 327552/502939 queries
Searched 327680/502939 queries
Searched 327808/502939 queries
Searched 327936/502939 queries
Searched 328064/502939 queries
Searched 328192/502939 queries
Searched 328320/502939 queries
Searched 328448/502939 queries
Searched 328576/502939 queries
Searched 328704/502939 queries
Searched 328832/502939 queries
Searched 328960/502939 queries
Searched 329088/502939 queries
Searched 329216/502939 queries
Searched 329344/502939 queries
Searched 329472/502939 queries
Searched 329600/502939 queries
Searched 329728/502939 queries
Searched 329856/502939 queries
Searched 329984/502939 queries
Searched 330112/502939 queries
Searched 330240/502939 queries
Searched 330368/502939 queries
Searched 330496/502939 queries
Searched 330624/502939 queries
Searched 330752/502939 queries
Searched 330880/502939 queries
Searched 331008/502939 queries
Searched 331136/502939 queries
Searched 331264/502939 queries
Searched 331392/502939 queries
Searched 331520/502939 queries
Searched 331648/502939 queries
Searched 331776/502939 queries
Searched 331904/502939 queries
Searched 332032/502939 queries
Searched 332160/502939 queries
Searched 332288/502939 queries
Searched 332416/502939 queries
Searched 332544/502939 queries
Searched 332672/502939 queries
Searched 332800/502939 queries
Searched 332928/502939 queries
Searched 333056/502939 queries
Searched 333184/502939 queries
Searched 333312/502939 queries
Searched 333440/502939 queries
Searched 333568/502939 queries
Searched 333696/502939 queries
Searched 333824/502939 queries
Searched 333952/502939 queries
Searched 334080/502939 queries
Searched 334208/502939 queries
Searched 334336/502939 queries
Searched 334464/502939 queries
Searched 334592/502939 queries
Searched 334720/502939 queries
Searched 334848/502939 queries
Searched 334976/502939 queries
Searched 335104/502939 queries
Searched 335232/502939 queries
Searched 335360/502939 queries
Searched 335488/502939 queries
Searched 335616/502939 queries
Searched 335744/502939 queries
Searched 335872/502939 queries
Searched 336000/502939 queries
Searched 336128/502939 queries
Searched 336256/502939 queries
Searched 336384/502939 queries
Searched 336512/502939 queries
Searched 336640/502939 queries
Searched 336768/502939 queries
Searched 336896/502939 queries
Searched 337024/502939 queries
Searched 337152/502939 queries
Searched 337280/502939 queries
Searched 337408/502939 queries
Searched 337536/502939 queries
Searched 337664/502939 queries
Searched 337792/502939 queries
Searched 337920/502939 queries
Searched 338048/502939 queries
Searched 338176/502939 queries
Searched 338304/502939 queries
Searched 338432/502939 queries
Searched 338560/502939 queries
Searched 338688/502939 queries
Searched 338816/502939 queries
Searched 338944/502939 queries
Searched 339072/502939 queries
Searched 339200/502939 queries
Searched 339328/502939 queries
Searched 339456/502939 queries
Searched 339584/502939 queries
Searched 339712/502939 queries
Searched 339840/502939 queries
Searched 339968/502939 queries
Searched 340096/502939 queries
Searched 340224/502939 queries
Searched 340352/502939 queries
Searched 340480/502939 queries
Searched 340608/502939 queries
Searched 340736/502939 queries
Searched 340864/502939 queries
Searched 340992/502939 queries
Searched 341120/502939 queries
Searched 341248/502939 queries
Searched 341376/502939 queries
Searched 341504/502939 queries
Searched 341632/502939 queries
Searched 341760/502939 queries
Searched 341888/502939 queries
Searched 342016/502939 queries
Searched 342144/502939 queries
Searched 342272/502939 queries
Searched 342400/502939 queries
Searched 342528/502939 queries
Searched 342656/502939 queries
Searched 342784/502939 queries
Searched 342912/502939 queries
Searched 343040/502939 queries
Searched 343168/502939 queries
Searched 343296/502939 queries
Searched 343424/502939 queries
Searched 343552/502939 queries
Searched 343680/502939 queries
Searched 343808/502939 queries
Searched 343936/502939 queries
Searched 344064/502939 queries
Searched 344192/502939 queries
Searched 344320/502939 queries
Searched 344448/502939 queries
Searched 344576/502939 queries
Searched 344704/502939 queries
Searched 344832/502939 queries
Searched 344960/502939 queries
Searched 345088/502939 queries
Searched 345216/502939 queries
Searched 345344/502939 queries
Searched 345472/502939 queries
Searched 345600/502939 queries
Searched 345728/502939 queries
Searched 345856/502939 queries
Searched 345984/502939 queries
Searched 346112/502939 queries
Searched 346240/502939 queries
Searched 346368/502939 queries
Searched 346496/502939 queries
Searched 346624/502939 queries
Searched 346752/502939 queries
Searched 346880/502939 queries
Searched 347008/502939 queries
Searched 347136/502939 queries
Searched 347264/502939 queries
Searched 347392/502939 queries
Searched 347520/502939 queries
Searched 347648/502939 queries
Searched 347776/502939 queries
Searched 347904/502939 queries
Searched 348032/502939 queries
Searched 348160/502939 queries
Searched 348288/502939 queries
Searched 348416/502939 queries
Searched 348544/502939 queries
Searched 348672/502939 queries
Searched 348800/502939 queries
Searched 348928/502939 queries
Searched 349056/502939 queries
Searched 349184/502939 queries
Searched 349312/502939 queries
Searched 349440/502939 queries
Searched 349568/502939 queries
Searched 349696/502939 queries
Searched 349824/502939 queries
Searched 349952/502939 queries
Searched 350080/502939 queries
Searched 350208/502939 queries
Searched 350336/502939 queries
Searched 350464/502939 queries
Searched 350592/502939 queries
Searched 350720/502939 queries
Searched 350848/502939 queries
Searched 350976/502939 queries
Searched 351104/502939 queries
Searched 351232/502939 queries
Searched 351360/502939 queries
Searched 351488/502939 queries
Searched 351616/502939 queries
Searched 351744/502939 queries
Searched 351872/502939 queries
Searched 352000/502939 queries
Searched 352128/502939 queries
Searched 352256/502939 queries
Searched 352384/502939 queries
Searched 352512/502939 queries
Searched 352640/502939 queries
Searched 352768/502939 queries
Searched 352896/502939 queries
Searched 353024/502939 queries
Searched 353152/502939 queries
Searched 353280/502939 queries
Searched 353408/502939 queries
Searched 353536/502939 queries
Searched 353664/502939 queries
Searched 353792/502939 queries
Searched 353920/502939 queries
Searched 354048/502939 queries
Searched 354176/502939 queries
Searched 354304/502939 queries
Searched 354432/502939 queries
Searched 354560/502939 queries
Searched 354688/502939 queries
Searched 354816/502939 queries
Searched 354944/502939 queries
Searched 355072/502939 queries
Searched 355200/502939 queries
Searched 355328/502939 queries
Searched 355456/502939 queries
Searched 355584/502939 queries
Searched 355712/502939 queries
Searched 355840/502939 queries
Searched 355968/502939 queries
Searched 356096/502939 queries
Searched 356224/502939 queries
Searched 356352/502939 queries
Searched 356480/502939 queries
Searched 356608/502939 queries
Searched 356736/502939 queries
Searched 356864/502939 queries
Searched 356992/502939 queries
Searched 357120/502939 queries
Searched 357248/502939 queries
Searched 357376/502939 queries
Searched 357504/502939 queries
Searched 357632/502939 queries
Searched 357760/502939 queries
Searched 357888/502939 queries
Searched 358016/502939 queries
Searched 358144/502939 queries
Searched 358272/502939 queries
Searched 358400/502939 queries
Searched 358528/502939 queries
Searched 358656/502939 queries
Searched 358784/502939 queries
Searched 358912/502939 queries
Searched 359040/502939 queries
Searched 359168/502939 queries
Searched 359296/502939 queries
Searched 359424/502939 queries
Searched 359552/502939 queries
Searched 359680/502939 queries
Searched 359808/502939 queries
Searched 359936/502939 queries
Searched 360064/502939 queries
Searched 360192/502939 queries
Searched 360320/502939 queries
Searched 360448/502939 queries
Searched 360576/502939 queries
Searched 360704/502939 queries
Searched 360832/502939 queries
Searched 360960/502939 queries
Searched 361088/502939 queries
Searched 361216/502939 queries
Searched 361344/502939 queries
Searched 361472/502939 queries
Searched 361600/502939 queries
Searched 361728/502939 queries
Searched 361856/502939 queries
Searched 361984/502939 queries
Searched 362112/502939 queries
Searched 362240/502939 queries
Searched 362368/502939 queries
Searched 362496/502939 queries
Searched 362624/502939 queries
Searched 362752/502939 queries
Searched 362880/502939 queries
Searched 363008/502939 queries
Searched 363136/502939 queries
Searched 363264/502939 queries
Searched 363392/502939 queries
Searched 363520/502939 queries
Searched 363648/502939 queries
Searched 363776/502939 queries
Searched 363904/502939 queries
Searched 364032/502939 queries
Searched 364160/502939 queries
Searched 364288/502939 queries
Searched 364416/502939 queries
Searched 364544/502939 queries
Searched 364672/502939 queries
Searched 364800/502939 queries
Searched 364928/502939 queries
Searched 365056/502939 queries
Searched 365184/502939 queries
Searched 365312/502939 queries
Searched 365440/502939 queries
Searched 365568/502939 queries
Searched 365696/502939 queries
Searched 365824/502939 queries
Searched 365952/502939 queries
Searched 366080/502939 queries
Searched 366208/502939 queries
Searched 366336/502939 queries
Searched 366464/502939 queries
Searched 366592/502939 queries
Searched 366720/502939 queries
Searched 366848/502939 queries
Searched 366976/502939 queries
Searched 367104/502939 queries
Searched 367232/502939 queries
Searched 367360/502939 queries
Searched 367488/502939 queries
Searched 367616/502939 queries
Searched 367744/502939 queries
Searched 367872/502939 queries
Searched 368000/502939 queries
Searched 368128/502939 queries
Searched 368256/502939 queries
Searched 368384/502939 queries
Searched 368512/502939 queries
Searched 368640/502939 queries
Searched 368768/502939 queries
Searched 368896/502939 queries
Searched 369024/502939 queries
Searched 369152/502939 queries
Searched 369280/502939 queries
Searched 369408/502939 queries
Searched 369536/502939 queries
Searched 369664/502939 queries
Searched 369792/502939 queries
Searched 369920/502939 queries
Searched 370048/502939 queries
Searched 370176/502939 queries
Searched 370304/502939 queries
Searched 370432/502939 queries
Searched 370560/502939 queries
Searched 370688/502939 queries
Searched 370816/502939 queries
Searched 370944/502939 queries
Searched 371072/502939 queries
Searched 371200/502939 queries
Searched 371328/502939 queries
Searched 371456/502939 queries
Searched 371584/502939 queries
Searched 371712/502939 queries
Searched 371840/502939 queries
Searched 371968/502939 queries
Searched 372096/502939 queries
Searched 372224/502939 queries
Searched 372352/502939 queries
Searched 372480/502939 queries
Searched 372608/502939 queries
Searched 372736/502939 queries
Searched 372864/502939 queries
Searched 372992/502939 queries
Searched 373120/502939 queries
Searched 373248/502939 queries
Searched 373376/502939 queries
Searched 373504/502939 queries
Searched 373632/502939 queries
Searched 373760/502939 queries
Searched 373888/502939 queries
Searched 374016/502939 queries
Searched 374144/502939 queries
Searched 374272/502939 queries
Searched 374400/502939 queries
Searched 374528/502939 queries
Searched 374656/502939 queries
Searched 374784/502939 queries
Searched 374912/502939 queries
Searched 375040/502939 queries
Searched 375168/502939 queries
Searched 375296/502939 queries
Searched 375424/502939 queries
Searched 375552/502939 queries
Searched 375680/502939 queries
Searched 375808/502939 queries
Searched 375936/502939 queries
Searched 376064/502939 queries
Searched 376192/502939 queries
Searched 376320/502939 queries
Searched 376448/502939 queries
Searched 376576/502939 queries
Searched 376704/502939 queries
Searched 376832/502939 queries
Searched 376960/502939 queries
Searched 377088/502939 queries
Searched 377216/502939 queries
Searched 377344/502939 queries
Searched 377472/502939 queries
Searched 377600/502939 queries
Searched 377728/502939 queries
Searched 377856/502939 queries
Searched 377984/502939 queries
Searched 378112/502939 queries
Searched 378240/502939 queries
Searched 378368/502939 queries
Searched 378496/502939 queries
Searched 378624/502939 queries
Searched 378752/502939 queries
Searched 378880/502939 queries
Searched 379008/502939 queries
Searched 379136/502939 queries
Searched 379264/502939 queries
Searched 379392/502939 queries
Searched 379520/502939 queries
Searched 379648/502939 queries
Searched 379776/502939 queries
Searched 379904/502939 queries
Searched 380032/502939 queries
Searched 380160/502939 queries
Searched 380288/502939 queries
Searched 380416/502939 queries
Searched 380544/502939 queries
Searched 380672/502939 queries
Searched 380800/502939 queries
Searched 380928/502939 queries
Searched 381056/502939 queries
Searched 381184/502939 queries
Searched 381312/502939 queries
Searched 381440/502939 queries
Searched 381568/502939 queries
Searched 381696/502939 queries
Searched 381824/502939 queries
Searched 381952/502939 queries
Searched 382080/502939 queries
Searched 382208/502939 queries
Searched 382336/502939 queries
Searched 382464/502939 queries
Searched 382592/502939 queries
Searched 382720/502939 queries
Searched 382848/502939 queries
Searched 382976/502939 queries
Searched 383104/502939 queries
Searched 383232/502939 queries
Searched 383360/502939 queries
Searched 383488/502939 queries
Searched 383616/502939 queries
Searched 383744/502939 queries
Searched 383872/502939 queries
Searched 384000/502939 queries
Searched 384128/502939 queries
Searched 384256/502939 queries
Searched 384384/502939 queries
Searched 384512/502939 queries
Searched 384640/502939 queries
Searched 384768/502939 queries
Searched 384896/502939 queries
Searched 385024/502939 queries
Searched 385152/502939 queries
Searched 385280/502939 queries
Searched 385408/502939 queries
Searched 385536/502939 queries
Searched 385664/502939 queries
Searched 385792/502939 queries
Searched 385920/502939 queries
Searched 386048/502939 queries
Searched 386176/502939 queries
Searched 386304/502939 queries
Searched 386432/502939 queries
Searched 386560/502939 queries
Searched 386688/502939 queries
Searched 386816/502939 queries
Searched 386944/502939 queries
Searched 387072/502939 queries
Searched 387200/502939 queries
Searched 387328/502939 queries
Searched 387456/502939 queries
Searched 387584/502939 queries
Searched 387712/502939 queries
Searched 387840/502939 queries
Searched 387968/502939 queries
Searched 388096/502939 queries
Searched 388224/502939 queries
Searched 388352/502939 queries
Searched 388480/502939 queries
Searched 388608/502939 queries
Searched 388736/502939 queries
Searched 388864/502939 queries
Searched 388992/502939 queries
Searched 389120/502939 queries
Searched 389248/502939 queries
Searched 389376/502939 queries
Searched 389504/502939 queries
Searched 389632/502939 queries
Searched 389760/502939 queries
Searched 389888/502939 queries
Searched 390016/502939 queries
Searched 390144/502939 queries
Searched 390272/502939 queries
Searched 390400/502939 queries
Searched 390528/502939 queries
Searched 390656/502939 queries
Searched 390784/502939 queries
Searched 390912/502939 queries
Searched 391040/502939 queries
Searched 391168/502939 queries
Searched 391296/502939 queries
Searched 391424/502939 queries
Searched 391552/502939 queries
Searched 391680/502939 queries
Searched 391808/502939 queries
Searched 391936/502939 queries
Searched 392064/502939 queries
Searched 392192/502939 queries
Searched 392320/502939 queries
Searched 392448/502939 queries
Searched 392576/502939 queries
Searched 392704/502939 queries
Searched 392832/502939 queries
Searched 392960/502939 queries
Searched 393088/502939 queries
Searched 393216/502939 queries
Searched 393344/502939 queries
Searched 393472/502939 queries
Searched 393600/502939 queries
Searched 393728/502939 queries
Searched 393856/502939 queries
Searched 393984/502939 queries
Searched 394112/502939 queries
Searched 394240/502939 queries
Searched 394368/502939 queries
Searched 394496/502939 queries
Searched 394624/502939 queries
Searched 394752/502939 queries
Searched 394880/502939 queries
Searched 395008/502939 queries
Searched 395136/502939 queries
Searched 395264/502939 queries
Searched 395392/502939 queries
Searched 395520/502939 queries
Searched 395648/502939 queries
Searched 395776/502939 queries
Searched 395904/502939 queries
Searched 396032/502939 queries
Searched 396160/502939 queries
Searched 396288/502939 queries
Searched 396416/502939 queries
Searched 396544/502939 queries
Searched 396672/502939 queries
Searched 396800/502939 queries
Searched 396928/502939 queries
Searched 397056/502939 queries
Searched 397184/502939 queries
Searched 397312/502939 queries
Searched 397440/502939 queries
Searched 397568/502939 queries
Searched 397696/502939 queries
Searched 397824/502939 queries
Searched 397952/502939 queries
Searched 398080/502939 queries
Searched 398208/502939 queries
Searched 398336/502939 queries
Searched 398464/502939 queries
Searched 398592/502939 queries
Searched 398720/502939 queries
Searched 398848/502939 queries
Searched 398976/502939 queries
Searched 399104/502939 queries
Searched 399232/502939 queries
Searched 399360/502939 queries
Searched 399488/502939 queries
Searched 399616/502939 queries
Searched 399744/502939 queries
Searched 399872/502939 queries
Searched 400000/502939 queries
Searched 400128/502939 queries
Searched 400256/502939 queries
Searched 400384/502939 queries
Searched 400512/502939 queries
Searched 400640/502939 queries
Searched 400768/502939 queries
Searched 400896/502939 queries
Searched 401024/502939 queries
Searched 401152/502939 queries
Searched 401280/502939 queries
Searched 401408/502939 queries
Searched 401536/502939 queries
Searched 401664/502939 queries
Searched 401792/502939 queries
Searched 401920/502939 queries
Searched 402048/502939 queries
Searched 402176/502939 queries
Searched 402304/502939 queries
Searched 402432/502939 queries
Searched 402560/502939 queries
Searched 402688/502939 queries
Searched 402816/502939 queries
Searched 402944/502939 queries
Searched 403072/502939 queries
Searched 403200/502939 queries
Searched 403328/502939 queries
Searched 403456/502939 queries
Searched 403584/502939 queries
Searched 403712/502939 queries
Searched 403840/502939 queries
Searched 403968/502939 queries
Searched 404096/502939 queries
Searched 404224/502939 queries
Searched 404352/502939 queries
Searched 404480/502939 queries
Searched 404608/502939 queries
Searched 404736/502939 queries
Searched 404864/502939 queries
Searched 404992/502939 queries
Searched 405120/502939 queries
Searched 405248/502939 queries
Searched 405376/502939 queries
Searched 405504/502939 queries
Searched 405632/502939 queries
Searched 405760/502939 queries
Searched 405888/502939 queries
Searched 406016/502939 queries
Searched 406144/502939 queries
Searched 406272/502939 queries
Searched 406400/502939 queries
Searched 406528/502939 queries
Searched 406656/502939 queries
Searched 406784/502939 queries
Searched 406912/502939 queries
Searched 407040/502939 queries
Searched 407168/502939 queries
Searched 407296/502939 queries
Searched 407424/502939 queries
Searched 407552/502939 queries
Searched 407680/502939 queries
Searched 407808/502939 queries
Searched 407936/502939 queries
Searched 408064/502939 queries
Searched 408192/502939 queries
Searched 408320/502939 queries
Searched 408448/502939 queries
Searched 408576/502939 queries
Searched 408704/502939 queries
Searched 408832/502939 queries
Searched 408960/502939 queries
Searched 409088/502939 queries
Searched 409216/502939 queries
Searched 409344/502939 queries
Searched 409472/502939 queries
Searched 409600/502939 queries
Searched 409728/502939 queries
Searched 409856/502939 queries
Searched 409984/502939 queries
Searched 410112/502939 queries
Searched 410240/502939 queries
Searched 410368/502939 queries
Searched 410496/502939 queries
Searched 410624/502939 queries
Searched 410752/502939 queries
Searched 410880/502939 queries
Searched 411008/502939 queries
Searched 411136/502939 queries
Searched 411264/502939 queries
Searched 411392/502939 queries
Searched 411520/502939 queries
Searched 411648/502939 queries
Searched 411776/502939 queries
Searched 411904/502939 queries
Searched 412032/502939 queries
Searched 412160/502939 queries
Searched 412288/502939 queries
Searched 412416/502939 queries
Searched 412544/502939 queries
Searched 412672/502939 queries
Searched 412800/502939 queries
Searched 412928/502939 queries
Searched 413056/502939 queries
Searched 413184/502939 queries
Searched 413312/502939 queries
Searched 413440/502939 queries
Searched 413568/502939 queries
Searched 413696/502939 queries
Searched 413824/502939 queries
Searched 413952/502939 queries
Searched 414080/502939 queries
Searched 414208/502939 queries
Searched 414336/502939 queries
Searched 414464/502939 queries
Searched 414592/502939 queries
Searched 414720/502939 queries
Searched 414848/502939 queries
Searched 414976/502939 queries
Searched 415104/502939 queries
Searched 415232/502939 queries
Searched 415360/502939 queries
Searched 415488/502939 queries
Searched 415616/502939 queries
Searched 415744/502939 queries
Searched 415872/502939 queries
Searched 416000/502939 queries
Searched 416128/502939 queries
Searched 416256/502939 queries
Searched 416384/502939 queries
Searched 416512/502939 queries
Searched 416640/502939 queries
Searched 416768/502939 queries
Searched 416896/502939 queries
Searched 417024/502939 queries
Searched 417152/502939 queries
Searched 417280/502939 queries
Searched 417408/502939 queries
Searched 417536/502939 queries
Searched 417664/502939 queries
Searched 417792/502939 queries
Searched 417920/502939 queries
Searched 418048/502939 queries
Searched 418176/502939 queries
Searched 418304/502939 queries
Searched 418432/502939 queries
Searched 418560/502939 queries
Searched 418688/502939 queries
Searched 418816/502939 queries
Searched 418944/502939 queries
Searched 419072/502939 queries
Searched 419200/502939 queries
Searched 419328/502939 queries
Searched 419456/502939 queries
Searched 419584/502939 queries
Searched 419712/502939 queries
Searched 419840/502939 queries
Searched 419968/502939 queries
Searched 420096/502939 queries
Searched 420224/502939 queries
Searched 420352/502939 queries
Searched 420480/502939 queries
Searched 420608/502939 queries
Searched 420736/502939 queries
Searched 420864/502939 queries
Searched 420992/502939 queries
Searched 421120/502939 queries
Searched 421248/502939 queries
Searched 421376/502939 queries
Searched 421504/502939 queries
Searched 421632/502939 queries
Searched 421760/502939 queries
Searched 421888/502939 queries
Searched 422016/502939 queries
Searched 422144/502939 queries
Searched 422272/502939 queries
Searched 422400/502939 queries
Searched 422528/502939 queries
Searched 422656/502939 queries
Searched 422784/502939 queries
Searched 422912/502939 queries
Searched 423040/502939 queries
Searched 423168/502939 queries
Searched 423296/502939 queries
Searched 423424/502939 queries
Searched 423552/502939 queries
Searched 423680/502939 queries
Searched 423808/502939 queries
Searched 423936/502939 queries
Searched 424064/502939 queries
Searched 424192/502939 queries
Searched 424320/502939 queries
Searched 424448/502939 queries
Searched 424576/502939 queries
Searched 424704/502939 queries
Searched 424832/502939 queries
Searched 424960/502939 queries
Searched 425088/502939 queries
Searched 425216/502939 queries
Searched 425344/502939 queries
Searched 425472/502939 queries
Searched 425600/502939 queries
Searched 425728/502939 queries
Searched 425856/502939 queries
Searched 425984/502939 queries
Searched 426112/502939 queries
Searched 426240/502939 queries
Searched 426368/502939 queries
Searched 426496/502939 queries
Searched 426624/502939 queries
Searched 426752/502939 queries
Searched 426880/502939 queries
Searched 427008/502939 queries
Searched 427136/502939 queries
Searched 427264/502939 queries
Searched 427392/502939 queries
Searched 427520/502939 queries
Searched 427648/502939 queries
Searched 427776/502939 queries
Searched 427904/502939 queries
Searched 428032/502939 queries
Searched 428160/502939 queries
Searched 428288/502939 queries
Searched 428416/502939 queries
Searched 428544/502939 queries
Searched 428672/502939 queries
Searched 428800/502939 queries
Searched 428928/502939 queries
Searched 429056/502939 queries
Searched 429184/502939 queries
Searched 429312/502939 queries
Searched 429440/502939 queries
Searched 429568/502939 queries
Searched 429696/502939 queries
Searched 429824/502939 queries
Searched 429952/502939 queries
Searched 430080/502939 queries
Searched 430208/502939 queries
Searched 430336/502939 queries
Searched 430464/502939 queries
Searched 430592/502939 queries
Searched 430720/502939 queries
Searched 430848/502939 queries
Searched 430976/502939 queries
Searched 431104/502939 queries
Searched 431232/502939 queries
Searched 431360/502939 queries
Searched 431488/502939 queries
Searched 431616/502939 queries
Searched 431744/502939 queries
Searched 431872/502939 queries
Searched 432000/502939 queries
Searched 432128/502939 queries
Searched 432256/502939 queries
Searched 432384/502939 queries
Searched 432512/502939 queries
Searched 432640/502939 queries
Searched 432768/502939 queries
Searched 432896/502939 queries
Searched 433024/502939 queries
Searched 433152/502939 queries
Searched 433280/502939 queries
Searched 433408/502939 queries
Searched 433536/502939 queries
Searched 433664/502939 queries
Searched 433792/502939 queries
Searched 433920/502939 queries
Searched 434048/502939 queries
Searched 434176/502939 queries
Searched 434304/502939 queries
Searched 434432/502939 queries
Searched 434560/502939 queries
Searched 434688/502939 queries
Searched 434816/502939 queries
Searched 434944/502939 queries
Searched 435072/502939 queries
Searched 435200/502939 queries
Searched 435328/502939 queries
Searched 435456/502939 queries
Searched 435584/502939 queries
Searched 435712/502939 queries
Searched 435840/502939 queries
Searched 435968/502939 queries
Searched 436096/502939 queries
Searched 436224/502939 queries
Searched 436352/502939 queries
Searched 436480/502939 queries
Searched 436608/502939 queries
Searched 436736/502939 queries
Searched 436864/502939 queries
Searched 436992/502939 queries
Searched 437120/502939 queries
Searched 437248/502939 queries
Searched 437376/502939 queries
Searched 437504/502939 queries
Searched 437632/502939 queries
Searched 437760/502939 queries
Searched 437888/502939 queries
Searched 438016/502939 queries
Searched 438144/502939 queries
Searched 438272/502939 queries
Searched 438400/502939 queries
Searched 438528/502939 queries
Searched 438656/502939 queries
Searched 438784/502939 queries
Searched 438912/502939 queries
Searched 439040/502939 queries
Searched 439168/502939 queries
Searched 439296/502939 queries
Searched 439424/502939 queries
Searched 439552/502939 queries
Searched 439680/502939 queries
Searched 439808/502939 queries
Searched 439936/502939 queries
Searched 440064/502939 queries
Searched 440192/502939 queries
Searched 440320/502939 queries
Searched 440448/502939 queries
Searched 440576/502939 queries
Searched 440704/502939 queries
Searched 440832/502939 queries
Searched 440960/502939 queries
Searched 441088/502939 queries
Searched 441216/502939 queries
Searched 441344/502939 queries
Searched 441472/502939 queries
Searched 441600/502939 queries
Searched 441728/502939 queries
Searched 441856/502939 queries
Searched 441984/502939 queries
Searched 442112/502939 queries
Searched 442240/502939 queries
Searched 442368/502939 queries
Searched 442496/502939 queries
Searched 442624/502939 queries
Searched 442752/502939 queries
Searched 442880/502939 queries
Searched 443008/502939 queries
Searched 443136/502939 queries
Searched 443264/502939 queries
Searched 443392/502939 queries
Searched 443520/502939 queries
Searched 443648/502939 queries
Searched 443776/502939 queries
Searched 443904/502939 queries
Searched 444032/502939 queries
Searched 444160/502939 queries
Searched 444288/502939 queries
Searched 444416/502939 queries
Searched 444544/502939 queries
Searched 444672/502939 queries
Searched 444800/502939 queries
Searched 444928/502939 queries
Searched 445056/502939 queries
Searched 445184/502939 queries
Searched 445312/502939 queries
Searched 445440/502939 queries
Searched 445568/502939 queries
Searched 445696/502939 queries
Searched 445824/502939 queries
Searched 445952/502939 queries
Searched 446080/502939 queries
Searched 446208/502939 queries
Searched 446336/502939 queries
Searched 446464/502939 queries
Searched 446592/502939 queries
Searched 446720/502939 queries
Searched 446848/502939 queries
Searched 446976/502939 queries
Searched 447104/502939 queries
Searched 447232/502939 queries
Searched 447360/502939 queries
Searched 447488/502939 queries
Searched 447616/502939 queries
Searched 447744/502939 queries
Searched 447872/502939 queries
Searched 448000/502939 queries
Searched 448128/502939 queries
Searched 448256/502939 queries
Searched 448384/502939 queries
Searched 448512/502939 queries
Searched 448640/502939 queries
Searched 448768/502939 queries
Searched 448896/502939 queries
Searched 449024/502939 queries
Searched 449152/502939 queries
Searched 449280/502939 queries
Searched 449408/502939 queries
Searched 449536/502939 queries
Searched 449664/502939 queries
Searched 449792/502939 queries
Searched 449920/502939 queries
Searched 450048/502939 queries
Searched 450176/502939 queries
Searched 450304/502939 queries
Searched 450432/502939 queries
Searched 450560/502939 queries
Searched 450688/502939 queries
Searched 450816/502939 queries
Searched 450944/502939 queries
Searched 451072/502939 queries
Searched 451200/502939 queries
Searched 451328/502939 queries
Searched 451456/502939 queries
Searched 451584/502939 queries
Searched 451712/502939 queries
Searched 451840/502939 queries
Searched 451968/502939 queries
Searched 452096/502939 queries
Searched 452224/502939 queries
Searched 452352/502939 queries
Searched 452480/502939 queries
Searched 452608/502939 queries
Searched 452736/502939 queries
Searched 452864/502939 queries
Searched 452992/502939 queries
Searched 453120/502939 queries
Searched 453248/502939 queries
Searched 453376/502939 queries
Searched 453504/502939 queries
Searched 453632/502939 queries
Searched 453760/502939 queries
Searched 453888/502939 queries
Searched 454016/502939 queries
Searched 454144/502939 queries
Searched 454272/502939 queries
Searched 454400/502939 queries
Searched 454528/502939 queries
Searched 454656/502939 queries
Searched 454784/502939 queries
Searched 454912/502939 queries
Searched 455040/502939 queries
Searched 455168/502939 queries
Searched 455296/502939 queries
Searched 455424/502939 queries
Searched 455552/502939 queries
Searched 455680/502939 queries
Searched 455808/502939 queries
Searched 455936/502939 queries
Searched 456064/502939 queries
Searched 456192/502939 queries
Searched 456320/502939 queries
Searched 456448/502939 queries
Searched 456576/502939 queries
Searched 456704/502939 queries
Searched 456832/502939 queries
Searched 456960/502939 queries
Searched 457088/502939 queries
Searched 457216/502939 queries
Searched 457344/502939 queries
Searched 457472/502939 queries
Searched 457600/502939 queries
Searched 457728/502939 queries
Searched 457856/502939 queries
Searched 457984/502939 queries
Searched 458112/502939 queries
Searched 458240/502939 queries
Searched 458368/502939 queries
Searched 458496/502939 queries
Searched 458624/502939 queries
Searched 458752/502939 queries
Searched 458880/502939 queries
Searched 459008/502939 queries
Searched 459136/502939 queries
Searched 459264/502939 queries
Searched 459392/502939 queries
Searched 459520/502939 queries
Searched 459648/502939 queries
Searched 459776/502939 queries
Searched 459904/502939 queries
Searched 460032/502939 queries
Searched 460160/502939 queries
Searched 460288/502939 queries
Searched 460416/502939 queries
Searched 460544/502939 queries
Searched 460672/502939 queries
Searched 460800/502939 queries
Searched 460928/502939 queries
Searched 461056/502939 queries
Searched 461184/502939 queries
Searched 461312/502939 queries
Searched 461440/502939 queries
Searched 461568/502939 queries
Searched 461696/502939 queries
Searched 461824/502939 queries
Searched 461952/502939 queries
Searched 462080/502939 queries
Searched 462208/502939 queries
Searched 462336/502939 queries
Searched 462464/502939 queries
Searched 462592/502939 queries
Searched 462720/502939 queries
Searched 462848/502939 queries
Searched 462976/502939 queries
Searched 463104/502939 queries
Searched 463232/502939 queries
Searched 463360/502939 queries
Searched 463488/502939 queries
Searched 463616/502939 queries
Searched 463744/502939 queries
Searched 463872/502939 queries
Searched 464000/502939 queries
Searched 464128/502939 queries
Searched 464256/502939 queries
Searched 464384/502939 queries
Searched 464512/502939 queries
Searched 464640/502939 queries
Searched 464768/502939 queries
Searched 464896/502939 queries
Searched 465024/502939 queries
Searched 465152/502939 queries
Searched 465280/502939 queries
Searched 465408/502939 queries
Searched 465536/502939 queries
Searched 465664/502939 queries
Searched 465792/502939 queries
Searched 465920/502939 queries
Searched 466048/502939 queries
Searched 466176/502939 queries
Searched 466304/502939 queries
Searched 466432/502939 queries
Searched 466560/502939 queries
Searched 466688/502939 queries
Searched 466816/502939 queries
Searched 466944/502939 queries
Searched 467072/502939 queries
Searched 467200/502939 queries
Searched 467328/502939 queries
Searched 467456/502939 queries
Searched 467584/502939 queries
Searched 467712/502939 queries
Searched 467840/502939 queries
Searched 467968/502939 queries
Searched 468096/502939 queries
Searched 468224/502939 queries
Searched 468352/502939 queries
Searched 468480/502939 queries
Searched 468608/502939 queries
Searched 468736/502939 queries
Searched 468864/502939 queries
Searched 468992/502939 queries
Searched 469120/502939 queries
Searched 469248/502939 queries
Searched 469376/502939 queries
Searched 469504/502939 queries
Searched 469632/502939 queries
Searched 469760/502939 queries
Searched 469888/502939 queries
Searched 470016/502939 queries
Searched 470144/502939 queries
Searched 470272/502939 queries
Searched 470400/502939 queries
Searched 470528/502939 queries
Searched 470656/502939 queries
Searched 470784/502939 queries
Searched 470912/502939 queries
Searched 471040/502939 queries
Searched 471168/502939 queries
Searched 471296/502939 queries
Searched 471424/502939 queries
Searched 471552/502939 queries
Searched 471680/502939 queries
Searched 471808/502939 queries
Searched 471936/502939 queries
Searched 472064/502939 queries
Searched 472192/502939 queries
Searched 472320/502939 queries
Searched 472448/502939 queries
Searched 472576/502939 queries
Searched 472704/502939 queries
Searched 472832/502939 queries
Searched 472960/502939 queries
Searched 473088/502939 queries
Searched 473216/502939 queries
Searched 473344/502939 queries
Searched 473472/502939 queries
Searched 473600/502939 queries
Searched 473728/502939 queries
Searched 473856/502939 queries
Searched 473984/502939 queries
Searched 474112/502939 queries
Searched 474240/502939 queries
Searched 474368/502939 queries
Searched 474496/502939 queries
Searched 474624/502939 queries
Searched 474752/502939 queries
Searched 474880/502939 queries
Searched 475008/502939 queries
Searched 475136/502939 queries
Searched 475264/502939 queries
Searched 475392/502939 queries
Searched 475520/502939 queries
Searched 475648/502939 queries
Searched 475776/502939 queries
Searched 475904/502939 queries
Searched 476032/502939 queries
Searched 476160/502939 queries
Searched 476288/502939 queries
Searched 476416/502939 queries
Searched 476544/502939 queries
Searched 476672/502939 queries
Searched 476800/502939 queries
Searched 476928/502939 queries
Searched 477056/502939 queries
Searched 477184/502939 queries
Searched 477312/502939 queries
Searched 477440/502939 queries
Searched 477568/502939 queries
Searched 477696/502939 queries
Searched 477824/502939 queries
Searched 477952/502939 queries
Searched 478080/502939 queries
Searched 478208/502939 queries
Searched 478336/502939 queries
Searched 478464/502939 queries
Searched 478592/502939 queries
Searched 478720/502939 queries
Searched 478848/502939 queries
Searched 478976/502939 queries
Searched 479104/502939 queries
Searched 479232/502939 queries
Searched 479360/502939 queries
Searched 479488/502939 queries
Searched 479616/502939 queries
Searched 479744/502939 queries
Searched 479872/502939 queries
Searched 480000/502939 queries
Searched 480128/502939 queries
Searched 480256/502939 queries
Searched 480384/502939 queries
Searched 480512/502939 queries
Searched 480640/502939 queries
Searched 480768/502939 queries
Searched 480896/502939 queries
Searched 481024/502939 queries
Searched 481152/502939 queries
Searched 481280/502939 queries
Searched 481408/502939 queries
Searched 481536/502939 queries
Searched 481664/502939 queries
Searched 481792/502939 queries
Searched 481920/502939 queries
Searched 482048/502939 queries
Searched 482176/502939 queries
Searched 482304/502939 queries
Searched 482432/502939 queries
Searched 482560/502939 queries
Searched 482688/502939 queries
Searched 482816/502939 queries
Searched 482944/502939 queries
Searched 483072/502939 queries
Searched 483200/502939 queries
Searched 483328/502939 queries
Searched 483456/502939 queries
Searched 483584/502939 queries
Searched 483712/502939 queries
Searched 483840/502939 queries
Searched 483968/502939 queries
Searched 484096/502939 queries
Searched 484224/502939 queries
Searched 484352/502939 queries
Searched 484480/502939 queries
Searched 484608/502939 queries
Searched 484736/502939 queries
Searched 484864/502939 queries
Searched 484992/502939 queries
Searched 485120/502939 queries
Searched 485248/502939 queries
Searched 485376/502939 queries
Searched 485504/502939 queries
Searched 485632/502939 queries
Searched 485760/502939 queries
Searched 485888/502939 queries
Searched 486016/502939 queries
Searched 486144/502939 queries
Searched 486272/502939 queries
Searched 486400/502939 queries
Searched 486528/502939 queries
Searched 486656/502939 queries
Searched 486784/502939 queries
Searched 486912/502939 queries
Searched 487040/502939 queries
Searched 487168/502939 queries
Searched 487296/502939 queries
Searched 487424/502939 queries
Searched 487552/502939 queries
Searched 487680/502939 queries
Searched 487808/502939 queries
Searched 487936/502939 queries
Searched 488064/502939 queries
Searched 488192/502939 queries
Searched 488320/502939 queries
Searched 488448/502939 queries
Searched 488576/502939 queries
Searched 488704/502939 queries
Searched 488832/502939 queries
Searched 488960/502939 queries
Searched 489088/502939 queries
Searched 489216/502939 queries
Searched 489344/502939 queries
Searched 489472/502939 queries
Searched 489600/502939 queries
Searched 489728/502939 queries
Searched 489856/502939 queries
Searched 489984/502939 queries
Searched 490112/502939 queries
Searched 490240/502939 queries
Searched 490368/502939 queries
Searched 490496/502939 queries
Searched 490624/502939 queries
Searched 490752/502939 queries
Searched 490880/502939 queries
Searched 491008/502939 queries
Searched 491136/502939 queries
Searched 491264/502939 queries
Searched 491392/502939 queries
Searched 491520/502939 queries
Searched 491648/502939 queries
Searched 491776/502939 queries
Searched 491904/502939 queries
Searched 492032/502939 queries
Searched 492160/502939 queries
Searched 492288/502939 queries
Searched 492416/502939 queries
Searched 492544/502939 queries
Searched 492672/502939 queries
Searched 492800/502939 queries
Searched 492928/502939 queries
Searched 493056/502939 queries
Searched 493184/502939 queries
Searched 493312/502939 queries
Searched 493440/502939 queries
Searched 493568/502939 queries
Searched 493696/502939 queries
Searched 493824/502939 queries
Searched 493952/502939 queries
Searched 494080/502939 queries
Searched 494208/502939 queries
Searched 494336/502939 queries
Searched 494464/502939 queries
Searched 494592/502939 queries
Searched 494720/502939 queries
Searched 494848/502939 queries
Searched 494976/502939 queries
Searched 495104/502939 queries
Searched 495232/502939 queries
Searched 495360/502939 queries
Searched 495488/502939 queries
Searched 495616/502939 queries
Searched 495744/502939 queries
Searched 495872/502939 queries
Searched 496000/502939 queries
Searched 496128/502939 queries
Searched 496256/502939 queries
Searched 496384/502939 queries
Searched 496512/502939 queries
Searched 496640/502939 queries
Searched 496768/502939 queries
Searched 496896/502939 queries
Searched 497024/502939 queries
Searched 497152/502939 queries
Searched 497280/502939 queries
Searched 497408/502939 queries
Searched 497536/502939 queries
Searched 497664/502939 queries
Searched 497792/502939 queries
Searched 497920/502939 queries
Searched 498048/502939 queries
Searched 498176/502939 queries
Searched 498304/502939 queries
Searched 498432/502939 queries
Searched 498560/502939 queries
Searched 498688/502939 queries
Searched 498816/502939 queries
Searched 498944/502939 queries
Searched 499072/502939 queries
Searched 499200/502939 queries
Searched 499328/502939 queries
Searched 499456/502939 queries
Searched 499584/502939 queries
Searched 499712/502939 queries
Searched 499840/502939 queries
Searched 499968/502939 queries
Searched 500096/502939 queries
Searched 500224/502939 queries
Searched 500352/502939 queries
Searched 500480/502939 queries
Searched 500608/502939 queries
Searched 500736/502939 queries
Searched 500864/502939 queries
Searched 500992/502939 queries
Searched 501120/502939 queries
Searched 501248/502939 queries
Searched 501376/502939 queries
Searched 501504/502939 queries
Searched 501632/502939 queries
Searched 501760/502939 queries
Searched 501888/502939 queries
Searched 502016/502939 queries
Searched 502144/502939 queries
Searched 502272/502939 queries
Searched 502400/502939 queries
Searched 502528/502939 queries
Searched 502656/502939 queries
Searched 502784/502939 queries
Searched 502912/502939 queries
Searched 502939/502939 queries
Search took 272.1542 seconds

Results for 502939 queries:
--------------------------------------------------------------------------------

================================================================================
Summary Statistics
================================================================================
Mean NDCG@10:      0.2084
Mean Recall@10:    0.3509
Mean Precision@10: 0.0365
Mean Hit@10:       0.3579
================================================================================
